{
	"credit": "Made with Blockbench, a free, modern block model editor made by JannisX11",
	"textures": {
		"0": "block/cactus_side",
		"1": "block/cactus_bottom",
        "particle": "block/cactus_side"
	},
	"elements": [
		{
			"name": "CactusMain",
			"from": [5.04, 0.16000000000000014, 5.04],
			"to": [10.96, 17.919999999999998, 10.96],
			"shade": true,
			"faces": {
				"north": {"uv": [0, 0, 4, 12], "texture": "#0"},
				"east": {"uv": [12, 0, 16, 12], "texture": "#0"},
				"south": {"uv": [0, 0, 4, 12], "texture": "#0"},
				"west": {"uv": [12, 0, 16, 12], "texture": "#0"},
				"up": {"uv": [4, 1, 8, 5], "texture": "#0"},
				"down": {"uv": [6, 6, 10, 10], "texture": "#1"}
			}
		},
		{
			"name": "CatcusTop",
			"from": [5.780000011026859, 17.92, 5.780000011026859],
			"to": [
				10.220000011026858,
				18.65999998897314,
				10.220000011026858
			],
			"shade": true,
			"faces": {
				"north": {
					"uv": [0, 0, 3, 0.4999999925494194],
					"texture": "#0"
				},
				"east": {
					"uv": [12, 0, 15, 0.4999999925494194],
					"texture": "#0"
				},
				"south": {
					"uv": [0, 0, 3, 0.4999999925494194],
					"texture": "#0"
				},
				"west": {
					"uv": [12, 0, 15, 0.4999999925494194],
					"texture": "#0"
				},
				"up": {"uv": [4, 1, 7, 4], "texture": "#0"},
				"down": {"uv": [6, 6, 9, 9], "texture": "#1"}
			}
		},
		{
			"name": "CactusA1",
			"from": [10.96, 6.079999999999999, 6.520000022053718],
			"to": [13.92, 9.04, 9.48000002205372],
			"shade": true,
			"faces": {
				"north": {"uv": [5, 9, 7, 11], "texture": "#0"},
				"east": {"uv": [12, 2, 14, 4], "texture": "#0"},
				"south": {"uv": [7, 5, 9, 7], "texture": "#0"},
				"west": {"uv": [13, 5, 15, 7], "texture": "#0"},
				"up": {"uv": [5, 1, 7, 3], "texture": "#0"},
				"down": {"uv": [6, 8, 8, 10], "texture": "#0"}
			}
		},
		{
			"name": "CactusA2",
			"from": [13.92, 6.079999999999999, 6.66800002425909],
			"to": [17.915999993383885, 9.04, 9.332000019848346],
			"shade": true,
			"faces": {
				"north": {
					"uv": [5, 9, 7.699999995529652, 11],
					"texture": "#0"
				},
				"east": {
					"uv": [12, 2, 13.799999997019768, 4],
					"texture": "#0"
				},
				"south": {
					"uv": [7, 5, 9.699999995529652, 7],
					"texture": "#0"
				},
				"west": {
					"uv": [13, 5, 14.799999997019768, 7],
					"texture": "#0"
				},
				"up": {
					"uv": [5, 1, 7.699999995529652, 2.7999999970197678],
					"texture": "#0"
				},
				"down": {
					"uv": [6, 8, 8.699999995529652, 9.799999997019768],
					"texture": "#0"
				}
			},
			"rotation": {
				"origin": [13.92, 6.079999999999999, 6.52],
				"axis": "z",
				"angle": 45
			}
		},
		{
			"name": "CactusA3",
			"from": [13.92, 9.04, 6.520000022053718],
			"to": [
				16.731999997794627,
				14.81199997574091,
				9.48000002205372
			],
			"shade": true,
			"faces": {
				"north": {
					"uv": [5, 9, 6.899999998509884, 13.899999983608723],
					"texture": "#0"
				},
				"east": {
					"uv": [12, 2, 14, 6.899999983608723],
					"texture": "#0"
				},
				"south": {
					"uv": [7, 5, 8.899999998509884, 9.899999983608723],
					"texture": "#0"
				},
				"west": {
					"uv": [13, 5, 15, 9.899999983608723],
					"texture": "#0"
				},
				"up": {
					"uv": [5, 1, 6.899999998509884, 3],
					"texture": "#0"
				},
				"down": {
					"uv": [6, 8, 7.899999998509884, 10],
					"texture": "#0"
				}
			}
		},
		{
			"name": "CactusB1",
			"from": [2.08, 4.6, 6.520000022053718],
			"to": [5.04, 7.5600000000000005, 9.48000002205372],
			"shade": true,
			"faces": {
				"north": {"uv": [5, 9, 7, 11], "texture": "#0"},
				"east": {"uv": [12, 2, 14, 4], "texture": "#0"},
				"south": {"uv": [7, 5, 9, 7], "texture": "#0"},
				"west": {"uv": [13, 5, 15, 7], "texture": "#0"},
				"up": {"uv": [5, 1, 7, 3], "texture": "#0"},
				"down": {"uv": [6, 8, 8, 10], "texture": "#0"}
			},
			"rotation": {
				"origin": [8, 12, 8],
				"axis": "y",
				"angle": 45
			}
		},
		{
			"name": "CactusB3",
			"from": [
				-0.879999999999999,
				7.5600000000000005,
				6.520000022053718
			],
			"to": [
				1.9319999977946285,
				11.85199997574091,
				9.48000002205372
			],
			"shade": true,
			"faces": {
				"north": {
					"uv": [5, 9, 6.899999998509884, 12.899999983608723],
					"texture": "#0"
				},
				"east": {
					"uv": [12, 2, 14, 5.899999983608723],
					"texture": "#0"
				},
				"south": {
					"uv": [7, 5, 8.899999998509884, 8.899999983608723],
					"texture": "#0"
				},
				"west": {
					"uv": [13, 5, 15, 8.899999983608723],
					"texture": "#0"
				},
				"up": {
					"uv": [5, 1, 6.899999998509884, 3],
					"texture": "#0"
				},
				"down": {
					"uv": [6, 8, 7.899999998509884, 10],
					"texture": "#0"
				}
			},
			"rotation": {
				"origin": [8, 12, 8],
				"axis": "y",
				"angle": 45
			}
		},
		{
			"name": "CactusB2",
			"from": [
				-0.14000001102686,
				5.33999998897314,
				6.520000022053718
			],
			"to": [2.08, 7.5600000000000005, 9.48000002205372],
			"shade": true,
			"faces": {
				"north": {
					"uv": [5, 9, 6.500000007450581, 10.50000000745058],
					"texture": "#0"
				},
				"east": {
					"uv": [12, 2, 14, 3.5000000074505806],
					"texture": "#0"
				},
				"south": {
					"uv": [7, 5, 8.50000000745058, 6.500000007450581],
					"texture": "#0"
				},
				"west": {
					"uv": [13, 5, 15, 6.500000007450581],
					"texture": "#0"
				},
				"up": {
					"uv": [5, 1, 6.500000007450581, 3],
					"texture": "#0"
				},
				"down": {
					"uv": [6, 8, 7.500000007450581, 10],
					"texture": "#0"
				}
			},
			"rotation": {
				"origin": [8, 12, 8],
				"axis": "y",
				"angle": 45
			}
		}
	]
}