{
	"credit": "Made with Blockbench, a free, modern block model editor made by JannisX11",
	"textures": {
		"0": "block/cactus_side",
		"1": "block/cactus_bottom",
        "particle": "block/cactus_side"
	},
	"elements": [
		{
			"name": "CactusMain",
			"from": [4, 0, 4],
			"to": [12, 24, 12],
			"shade": true,
			"faces": {
				"north": {"uv": [0, 0, 4, 12], "texture": "#0"},
				"east": {"uv": [12, 0, 16, 12], "texture": "#0"},
				"south": {"uv": [0, 0, 4, 12], "texture": "#0"},
				"west": {"uv": [12, 0, 16, 12], "texture": "#0"},
				"up": {"uv": [4, 1, 8, 5], "texture": "#0"},
				"down": {"uv": [6, 6, 10, 10], "texture": "#1"}
			}
		},
		{
			"name": "CatcusTop",
			"from": [5.000000014901161, 24, 5.000000014901161],
			"to": [
				11.000000014901161,
				24.99999998509884,
				11.000000014901161
			],
			"shade": true,
			"faces": {
				"north": {
					"uv": [0, 0, 3, 0.4999999925494194],
					"texture": "#0"
				},
				"east": {
					"uv": [12, 0, 15, 0.4999999925494194],
					"texture": "#0"
				},
				"south": {
					"uv": [0, 0, 3, 0.4999999925494194],
					"texture": "#0"
				},
				"west": {
					"uv": [12, 0, 15, 0.4999999925494194],
					"texture": "#0"
				},
				"up": {"uv": [4, 1, 7, 4], "texture": "#0"},
				"down": {"uv": [6, 6, 9, 9], "texture": "#1"}
			}
		},
		{
			"name": "CactusA1",
			"from": [12, 8, 6.000000029802322],
			"to": [16, 12, 10.000000029802322],
			"shade": true,
			"faces": {
				"north": {"uv": [5, 9, 7, 11], "texture": "#0"},
				"east": {"uv": [12, 2, 14, 4], "texture": "#0"},
				"south": {"uv": [7, 5, 9, 7], "texture": "#0"},
				"west": {"uv": [13, 5, 15, 7], "texture": "#0"},
				"up": {"uv": [5, 1, 7, 3], "texture": "#0"},
				"down": {"uv": [6, 8, 8, 10], "texture": "#0"}
			}
		},
		{
			"name": "CactusA2",
			"from": [16, 8, 6.200000032782555],
			"to": [21.399999991059303, 12, 9.80000002682209],
			"shade": true,
			"faces": {
				"north": {
					"uv": [5, 9, 7.699999995529652, 11],
					"texture": "#0"
				},
				"east": {
					"uv": [12, 2, 13.799999997019768, 4],
					"texture": "#0"
				},
				"south": {
					"uv": [7, 5, 9.699999995529652, 7],
					"texture": "#0"
				},
				"west": {
					"uv": [13, 5, 14.799999997019768, 7],
					"texture": "#0"
				},
				"up": {
					"uv": [5, 1, 7.699999995529652, 2.7999999970197678],
					"texture": "#0"
				},
				"down": {
					"uv": [6, 8, 8.699999995529652, 9.799999997019768],
					"texture": "#0"
				}
			},
			"rotation": {
				"origin": [16, 8, 6],
				"axis": "z",
				"angle": 45
			}
		},
		{
			"name": "CactusA3",
			"from": [16, 12, 6.000000029802322],
			"to": [
				19.799999997019768,
				23.799999967217445,
				10.000000029802322
			],
			"shade": true,
			"faces": {
				"north": {
					"uv": [5, 9, 6.899999998509884, 14.899999983608723],
					"texture": "#0"
				},
				"east": {
					"uv": [12, 2, 14, 7.899999983608723],
					"texture": "#0"
				},
				"south": {
					"uv": [7, 5, 8.899999998509884, 10.899999983608723],
					"texture": "#0"
				},
				"west": {
					"uv": [13, 5, 15, 10.899999983608723],
					"texture": "#0"
				},
				"up": {
					"uv": [5, 1, 6.899999998509884, 3],
					"texture": "#0"
				},
				"down": {
					"uv": [6, 8, 7.899999998509884, 10],
					"texture": "#0"
				}
			}
		},
		{
			"name": "CactusB1",
			"from": [6, 6, 0],
			"to": [10, 10, 4],
			"shade": true,
			"faces": {
				"north": {"uv": [5, 9, 7, 11], "texture": "#0"},
				"east": {"uv": [12, 2, 14, 4], "texture": "#0"},
				"south": {"uv": [7, 5, 9, 7], "texture": "#0"},
				"west": {"uv": [13, 5, 15, 7], "texture": "#0"},
				"up": {"uv": [5, 1, 7, 3], "texture": "#0"},
				"down": {"uv": [6, 8, 8, 10], "texture": "#0"}
			}
		},
		{
			"name": "CactusB2",
			"from": [
				6.199999999999999,
				-4.800000011920929,
				0.5999999999999996
			],
			"to": [9.8, -0.800000011920929, 6],
			"shade": true,
			"faces": {
				"north": {"uv": [5, 9, 6.8, 11], "texture": "#0"},
				"east": {"uv": [12, 2, 14.7, 4], "texture": "#0"},
				"south": {"uv": [7, 5, 8.8, 7], "texture": "#0"},
				"west": {"uv": [13, 5, 15.7, 7], "texture": "#0"},
				"up": {"uv": [5, 1, 6.8, 3.7], "texture": "#0"},
				"down": {"uv": [6, 8, 7.8, 10.7], "texture": "#0"}
			},
			"rotation": {
				"origin": [6, 8, 16],
				"axis": "x",
				"angle": 45
			}
		},
		{
			"name": "CactusB3",
			"from": [6, 10, -4],
			"to": [10, 17.799999967217445, -0.1999999999999993],
			"shade": true,
			"faces": {
				"north": {
					"uv": [5, 9, 7, 12.899999983608723],
					"texture": "#0"
				},
				"east": {
					"uv": [12, 2, 13.9, 5.899999983608723],
					"texture": "#0"
				},
				"south": {
					"uv": [7, 5, 9, 8.899999983608723],
					"texture": "#0"
				},
				"west": {
					"uv": [13, 5, 14.9, 8.899999983608723],
					"texture": "#0"
				},
				"up": {"uv": [5, 1, 7, 2.9], "texture": "#0"},
				"down": {"uv": [6, 8, 8, 9.9], "texture": "#0"}
			}
		}
	]
}