{
	"credit": "Made with Blockbench",
	"ambientocclusion": false,
	"textures": {
		"slab": "block/smooth_stone",
		"top": "block/repeater_off_1tick",
		"particle": "block/repeater_off_1tick",
		"unlit": "block/redstone_torch_off",
		"tick": "block/tick/1"
	},
	"elements": [
		{
			"from": [0, 0, 0],
			"to": [16, 2, 16],
			"faces": {
				"north": {"uv": [0, 14, 16, 16], "texture": "#slab", "cullface": "north"},
				"east": {"uv": [0, 14, 16, 16], "texture": "#slab", "cullface": "east"},
				"south": {"uv": [0, 14, 16, 16], "texture": "#slab", "cullface": "south"},
				"west": {"uv": [0, 14, 16, 16], "texture": "#slab", "cullface": "west"},
				"up": {"uv": [0, 0, 16, 16], "texture": "#top"},
				"down": {"uv": [0, 0, 16, 16], "texture": "#slab", "cullface": "down"}
			}
		},
		{
			"from": [7, 2, 6],
			"to": [9, 7, 8],
			"faces": {
				"north": {"uv": [7, 6, 9, 11], "texture": "#unlit"},
				"east": {"uv": [7, 6, 9, 11], "texture": "#unlit"},
				"south": {"uv": [7, 6, 9, 11], "texture": "#unlit"},
				"west": {"uv": [7, 6, 9, 11], "texture": "#unlit"},
				"up": {"uv": [7, 6, 9, 8], "texture": "#unlit"},
				"down": {"uv": [7, 13, 9, 15], "texture": "#unlit"}
			}
		},
		{
			"from": [7, 2, 2],
			"to": [9, 7, 4],
			"faces": {
				"north": {"uv": [7, 6, 9, 11], "texture": "#unlit"},
				"east": {"uv": [7, 6, 9, 11], "texture": "#unlit"},
				"south": {"uv": [7, 6, 9, 11], "texture": "#unlit"},
				"west": {"uv": [7, 6, 9, 11], "texture": "#unlit"},
				"up": {"uv": [7, 6, 9, 8], "texture": "#unlit"},
				"down": {"uv": [7, 13, 9, 15], "texture": "#unlit"}
			}
		},
		{
			"from": [-0.25, 1.05, 2],
			"to": [0.5, 2.3, 3],
			"rotation": {"angle": 0, "axis": "y", "origin": [8, 8, 9]},
			"faces": {
				"north": {"uv": [0, 0, 1, 1], "texture": "#tick"},
				"east": {"uv": [0, 0, 1, 1], "texture": "#tick"},
				"south": {"uv": [0, 0, 1, 1], "texture": "#tick"},
				"west": {"uv": [0, 0, 1, 1], "texture": "#tick"},
				"up": {"uv": [0, 0, 1, 1], "texture": "#tick"},
				"down": {"uv": [0, 0, 1, 1], "texture": "#tick"}
			}
		},
		{
			"from": [15, 1, 2],
			"to": [16.25, 2.25, 3],
			"rotation": {"angle": 0, "axis": "y", "origin": [23, 8, 9]},
			"faces": {
				"north": {"uv": [0, 0, 1, 1], "texture": "#tick"},
				"east": {"uv": [0, 0, 1, 1], "texture": "#tick"},
				"south": {"uv": [0, 0, 1, 1], "texture": "#tick"},
				"west": {"uv": [0, 0, 1, 1], "texture": "#tick"},
				"up": {"uv": [0, 0, 1, 1], "texture": "#tick"},
				"down": {"uv": [0, 0, 1, 1], "texture": "#tick"}
			}
		},
		{
			"from": [-0.25, 1.05, 4],
			"to": [0.5, 2.3, 5],
			"rotation": {"angle": 0, "axis": "y", "origin": [8, 8, 9]},
			"faces": {
				"north": {"uv": [0, 1, 1, 2], "texture": "#tick"},
				"east": {"uv": [0, 1, 1, 2], "texture": "#tick"},
				"south": {"uv": [0, 1, 1, 2], "texture": "#tick"},
				"west": {"uv": [0, 1, 1, 2], "texture": "#tick"},
				"up": {"uv": [0, 1, 1, 2], "texture": "#tick"},
				"down": {"uv": [0, 1, 1, 2], "texture": "#tick"}
			}
		},
		{
			"from": [15, 1, 4],
			"to": [16.25, 2.25, 5],
			"rotation": {"angle": 0, "axis": "y", "origin": [23, 8, 9]},
			"faces": {
				"north": {"uv": [0, 1, 1, 2], "texture": "#tick"},
				"east": {"uv": [0, 1, 1, 2], "texture": "#tick"},
				"south": {"uv": [0, 1, 1, 2], "texture": "#tick"},
				"west": {"uv": [0, 1, 1, 2], "texture": "#tick"},
				"up": {"uv": [0, 1, 1, 2], "texture": "#tick"},
				"down": {"uv": [0, 1, 1, 2], "texture": "#tick"}
			}
		},
		{
			"from": [-0.25, 1.05, 6],
			"to": [0.5, 2.3, 7],
			"rotation": {"angle": 0, "axis": "y", "origin": [8, 8, 9]},
			"faces": {
				"north": {"uv": [0, 2, 1, 3], "texture": "#tick"},
				"east": {"uv": [0, 2, 1, 3], "texture": "#tick"},
				"south": {"uv": [0, 2, 1, 3], "texture": "#tick"},
				"west": {"uv": [0, 2, 1, 3], "texture": "#tick"},
				"up": {"uv": [0, 2, 1, 3], "texture": "#tick"},
				"down": {"uv": [0, 2, 1, 3], "texture": "#tick"}
			}
		},
		{
			"from": [15, 1, 6],
			"to": [16.25, 2.25, 7],
			"rotation": {"angle": 0, "axis": "y", "origin": [23, 8, 9]},
			"faces": {
				"north": {"uv": [0, 2, 1, 3], "texture": "#tick"},
				"east": {"uv": [0, 2, 1, 3], "texture": "#tick"},
				"south": {"uv": [0, 2, 1, 3], "texture": "#tick"},
				"west": {"uv": [0, 2, 1, 3], "texture": "#tick"},
				"up": {"uv": [0, 2, 1, 3], "texture": "#tick"},
				"down": {"uv": [0, 2, 1, 3], "texture": "#tick"}
			}
		},
		{
			"from": [-0.25, 1.05, 8],
			"to": [0.5, 2.3, 9],
			"rotation": {"angle": 0, "axis": "y", "origin": [8, 8, 9]},
			"faces": {
				"north": {"uv": [0, 3, 1, 4], "texture": "#tick"},
				"east": {"uv": [0, 3, 1, 4], "texture": "#tick"},
				"south": {"uv": [0, 3, 1, 4], "texture": "#tick"},
				"west": {"uv": [0, 3, 1, 4], "texture": "#tick"},
				"up": {"uv": [0, 3, 1, 4], "texture": "#tick"},
				"down": {"uv": [0, 3, 1, 4], "texture": "#tick"}
			}
		},
		{
			"from": [15, 1, 8],
			"to": [16.25, 2.25, 9],
			"rotation": {"angle": 0, "axis": "y", "origin": [23, 8, 9]},
			"faces": {
				"north": {"uv": [0, 3, 1, 4], "texture": "#tick"},
				"east": {"uv": [0, 3, 1, 4], "texture": "#tick"},
				"south": {"uv": [0, 3, 1, 4], "texture": "#tick"},
				"west": {"uv": [0, 3, 1, 4], "texture": "#tick"},
				"up": {"uv": [0, 3, 1, 4], "texture": "#tick"},
				"down": {"uv": [0, 3, 1, 4], "texture": "#tick"}
			}
		}
	]
}