{
	"credit": "Made by McTsts with Blockbench",
	"textures": {
		"particle": "empty",
		"3": "block/anvil",
		"4": "block/bone_block_side"
	},
	"elements": [
		{
			"name": "Clam1",
			"from": [10.4277, 1.1089, 10.73199],
			"to": [13.9277, 1.6089, 12.73199],
			"rotation": {"angle": 22.5, "axis": "x", "origin": [12.1777, 0.86933, 11.8418]},
			"faces": {
				"north": {"uv": [0, 0, 3.5, 0.5], "texture": "#3"},
				"east": {"uv": [0, 0, 2, 0.5], "texture": "#3"},
				"south": {"uv": [0, 0, 3.5, 0.5], "texture": "#3"},
				"west": {"uv": [0, 0, 2, 0.5], "texture": "#3"},
				"up": {"uv": [0, 0, 3.5, 2], "rotation": 180, "texture": "#3"},
				"down": {"uv": [0, 0, 3.5, 2], "rotation": 180, "texture": "#3"}
			}
		},
		{
			"name": "Clam2",
			"from": [10.4277, 0, 10.7559],
			"to": [13.9277, 0.75, 12.7559],
			"rotation": {"angle": 0, "axis": "y", "origin": [12.1777, 0.86933, 11.8418]},
			"faces": {
				"north": {"uv": [0, 0, 3.5, 0.75], "texture": "#3"},
				"east": {"uv": [0, 0, 2, 0.75], "texture": "#3"},
				"south": {"uv": [0, 0, 3.5, 0.75], "texture": "#3"},
				"west": {"uv": [0, 0, 2, 0.75], "texture": "#3"},
				"up": {"uv": [0, 0, 3.5, 2], "rotation": 180, "texture": "#3"},
				"down": {"uv": [0, 0, 3.5, 2], "rotation": 180, "texture": "#3"}
			}
		},
		{
			"name": "bone 2x2",
			"from": [8.79192, -0.03595, 2],
			"to": [10.79192, 0.96405, 4],
			"rotation": {"angle": 0, "axis": "x", "origin": [6.79192, 0.46405, 13]},
			"faces": {
				"north": {"uv": [3, 11, 5, 12], "texture": "#4"},
				"east": {"uv": [1, 9, 3, 10], "texture": "#4"},
				"south": {"uv": [2, 13, 4, 14], "texture": "#4"},
				"west": {"uv": [1, 9, 3, 10], "texture": "#4"},
				"up": {"uv": [2, 9, 4, 11], "texture": "#4"},
				"down": {"uv": [2, 10, 4, 12], "texture": "#4"}
			}
		},
		{
			"name": "bone",
			"from": [4.59954, -0.06878, 3],
			"to": [5.59954, 0.93122, 4],
			"rotation": {"angle": 0, "axis": "z", "origin": [4.09954, 0.43122, 9.5]},
			"faces": {
				"north": {"uv": [0, 0, 1, 1], "texture": "#4"},
				"east": {"uv": [0, 0, 1, 1], "texture": "#4"},
				"south": {"uv": [0, 0, 1, 1], "texture": "#4"},
				"west": {"uv": [0, 0, 1, 1], "texture": "#4"},
				"up": {"uv": [0, 0, 1, 1], "texture": "#4"},
				"down": {"uv": [0, 0, 1, 1], "texture": "#4"}
			}
		}
	],
	"groups": [
		{
			"name": "openthing",
			"origin": [8, 8, 8],
			"children": [0, 1]
		},
		{
			"name": "small",
			"origin": [4.09954, 0.43122, 9.5],
			"children": [2, 3]
		}
	]
}