{
	"credit": "Made by McTsts with Blockbench",
	"textures": {
		"particle": "empty",
		"3": "block/anvil"
	},
	"elements": [
		{
			"name": "Clam1",
			"from": [7.4277, 1.1089, 6.73199],
			"to": [10.9277, 1.6089, 8.73199],
			"rotation": {"angle": 22.5, "axis": "x", "origin": [9.1777, 0.86933, 7.8418]},
			"faces": {
				"north": {"uv": [0, 0, 3.5, 0.5], "texture": "#3"},
				"east": {"uv": [0, 0, 2, 0.5], "texture": "#3"},
				"south": {"uv": [0, 0, 3.5, 0.5], "texture": "#3"},
				"west": {"uv": [0, 0, 2, 0.5], "texture": "#3"},
				"up": {"uv": [0, 0, 3.5, 2], "rotation": 180, "texture": "#3"},
				"down": {"uv": [0, 0, 3.5, 2], "rotation": 180, "texture": "#3"}
			}
		},
		{
			"name": "Clam2",
			"from": [7.4277, 0, 6.7559],
			"to": [10.9277, 0.75, 8.7559],
			"rotation": {"angle": 0, "axis": "y", "origin": [9.1777, 0.86933, 7.8418]},
			"faces": {
				"north": {"uv": [0, 0, 3.5, 0.75], "texture": "#3"},
				"east": {"uv": [0, 0, 2, 0.75], "texture": "#3"},
				"south": {"uv": [0, 0, 3.5, 0.75], "texture": "#3"},
				"west": {"uv": [0, 0, 2, 0.75], "texture": "#3"},
				"up": {"uv": [0, 0, 3.5, 2], "rotation": 180, "texture": "#3"},
				"down": {"uv": [0, 0, 3.5, 2], "rotation": 180, "texture": "#3"}
			}
		}
	],
	"groups": [
		{
			"name": "openthing",
			"origin": [8, 8, 8],
			"children": [0, 1]
		}
	]
}