{
	"credit": "Made by McTsts with Blockbench",
	"textures": {
		"particle": "empty",
		"4": "block/bone_block_side",
		"5": "block/brown_mushroom_block",
		"10": "block/diorite"
	},
	"elements": [
		{
			"name": "6",
			"from": [6.1878, 0, 10.80521],
			"to": [6.6878, 1, 12.05521],
			"rotation": {"angle": 0, "axis": "y", "origin": [6.1878, 0.5, 11.68021]},
			"faces": {
				"north": {"uv": [0, 0, 0.5, 1], "texture": "#10"},
				"east": {"uv": [0, 0, 1.25, 1], "texture": "#10"},
				"south": {"uv": [0, 0, 0.5, 1], "texture": "#10"},
				"west": {"uv": [0, 0, 1.25, 1], "texture": "#10"},
				"up": {"uv": [0, 0, 0.5, 1.25], "rotation": 180, "texture": "#10"},
				"down": {"uv": [0, 0, 0.5, 1.25], "rotation": 180, "texture": "#10"}
			}
		},
		{
			"name": "7",
			"from": [5.36801, 0.025, 10.39241],
			"to": [6.86801, 1.025, 12.39241],
			"rotation": {"angle": 22.5, "axis": "y", "origin": [5.86801, 8.025, 10.49241]},
			"faces": {
				"north": {"uv": [0, 0, 1.5, 1], "texture": "#10"},
				"east": {"uv": [0, 0, 2, 1], "texture": "#10"},
				"south": {"uv": [0, 0, 1.5, 1], "texture": "#10"},
				"west": {"uv": [0, 0, 2, 1], "texture": "#10"},
				"up": {"uv": [0, 0, 1.5, 2], "rotation": 180, "texture": "#10"},
				"down": {"uv": [0, 0, 1.5, 2], "rotation": 180, "texture": "#10"}
			}
		},
		{
			"name": "5",
			"from": [5.61801, 0, 8.84241],
			"to": [6.11801, 1, 10.09241],
			"rotation": {"angle": -45, "axis": "y", "origin": [5.86801, 8, 10.49241]},
			"faces": {
				"north": {"uv": [0, 0, 0.5, 1], "texture": "#10"},
				"east": {"uv": [0, 0, 1.25, 1], "texture": "#10"},
				"south": {"uv": [0, 0, 0.5, 1], "texture": "#10"},
				"west": {"uv": [0, 0, 1.25, 1], "texture": "#10"},
				"up": {"uv": [0, 0, 0.5, 1.25], "texture": "#10"},
				"down": {"uv": [0, 0, 0.5, 1.25], "texture": "#10"}
			}
		},
		{
			"name": "4",
			"from": [5.76801, 0.05, 9.99241],
			"to": [7.76801, 1.05, 11.49241],
			"rotation": {"angle": 22.5, "axis": "y", "origin": [5.86801, 8.025, 10.49241]},
			"faces": {
				"north": {"uv": [0, 0, 2, 1], "texture": "#10"},
				"east": {"uv": [0, 0, 1.5, 1], "texture": "#10"},
				"south": {"uv": [0, 0, 2, 1], "texture": "#10"},
				"west": {"uv": [0, 0, 1.5, 1], "texture": "#10"},
				"up": {"uv": [0, 0, 1.5, 2], "rotation": 90, "texture": "#10"},
				"down": {"uv": [0, 0, 1.5, 2], "rotation": 270, "texture": "#10"}
			}
		},
		{
			"name": "3",
			"from": [6.79301, 0, 9.74241],
			"to": [7.79301, 1, 11.49241],
			"rotation": {"angle": 0, "axis": "y", "origin": [5.89301, 8, 10.49241]},
			"faces": {
				"north": {"uv": [0, 0, 1, 1], "texture": "#10"},
				"east": {"uv": [0, 0, 1.75, 1], "texture": "#10"},
				"south": {"uv": [0, 0, 1, 1], "texture": "#10"},
				"west": {"uv": [0, 0, 1.75, 1], "texture": "#10"},
				"up": {"uv": [0, 0, 1.75, 1], "rotation": 90, "texture": "#10"},
				"down": {"uv": [0, 0, 1.75, 1], "rotation": 270, "texture": "#10"}
			}
		},
		{
			"name": "2",
			"from": [6.79301, -0.025, 9.49241],
			"to": [7.79301, 0.975, 11.24241],
			"rotation": {"angle": -45, "axis": "y", "origin": [5.89301, 8, 10.49241]},
			"faces": {
				"north": {"uv": [0, 0, 1, 1], "texture": "#10"},
				"east": {"uv": [0, 0, 1.75, 1], "texture": "#10"},
				"south": {"uv": [0, 0, 1, 1], "texture": "#10"},
				"west": {"uv": [0, 0, 1.75, 1], "texture": "#10"},
				"up": {"uv": [0, 0, 1.75, 1], "rotation": 90, "texture": "#10"},
				"down": {"uv": [0, 0, 1.75, 1], "rotation": 270, "texture": "#10"}
			}
		},
		{
			"name": "1",
			"from": [5.26801, -0.05, 9.49241],
			"to": [7.76801, 0.95, 11.49241],
			"rotation": {"angle": -22.5, "axis": "y", "origin": [5.89301, 8, 10.49241]},
			"faces": {
				"north": {"uv": [0, 0, 2.5, 1], "texture": "#10"},
				"east": {"uv": [0, 0, 2, 1], "texture": "#10"},
				"south": {"uv": [0, 0, 2.5, 1], "texture": "#10"},
				"west": {"uv": [0, 0, 2, 1], "texture": "#10"},
				"up": {"uv": [0, 0, 2, 2.5], "rotation": 90, "texture": "#10"},
				"down": {"uv": [0, 0, 2, 2.5], "rotation": 270, "texture": "#10"}
			}
		},
		{
			"name": "brown mushroom",
			"from": [13, -0.23097, 11.90433],
			"to": [14, 0.76903, 12.90433],
			"rotation": {"angle": 0, "axis": "x", "origin": [7.5, 0.26903, 3.40433]},
			"faces": {
				"north": {"uv": [0, 0, 1, 1], "texture": "#5"},
				"east": {"uv": [0, 0, 1, 1], "texture": "#5"},
				"south": {"uv": [0, 0, 1, 1], "texture": "#5"},
				"west": {"uv": [0, 0, 1, 1], "texture": "#5"},
				"up": {"uv": [0, 0, 1, 1], "texture": "#5"},
				"down": {"uv": [0, 0, 1, 1], "texture": "#5"}
			}
		},
		{
			"name": "bone 2x2",
			"from": [6.04192, -0.03595, 2],
			"to": [8.04192, 0.96405, 4],
			"rotation": {"angle": 0, "axis": "x", "origin": [13.04192, 0.46405, 12]},
			"faces": {
				"north": {"uv": [3, 11, 5, 12], "texture": "#4"},
				"east": {"uv": [1, 9, 3, 10], "texture": "#4"},
				"south": {"uv": [2, 13, 4, 14], "texture": "#4"},
				"west": {"uv": [1, 9, 3, 10], "texture": "#4"},
				"up": {"uv": [2, 9, 4, 11], "texture": "#4"},
				"down": {"uv": [2, 10, 4, 12], "texture": "#4"}
			}
		},
		{
			"name": "shroom 2x1",
			"from": [1.18611, 0, 2.96298],
			"to": [2.18611, 1, 4.96298],
			"rotation": {"angle": -22.5, "axis": "z", "origin": [1.68611, 0.5, 3.96298]},
			"faces": {
				"north": {"uv": [1, 0, 3, 1], "texture": "#5"},
				"east": {"uv": [5, 1, 7, 2], "texture": "#5"},
				"south": {"uv": [3, 14, 5, 15], "texture": "#5"},
				"west": {"uv": [6, 7, 8, 8], "texture": "#5"},
				"up": {"uv": [7, 8, 8, 10], "texture": "#5"},
				"down": {"uv": [4, 10, 5, 12], "texture": "#5"}
			}
		},
		{
			"name": "bone",
			"from": [13.59954, -0.06878, 4.75],
			"to": [14.59954, 0.93122, 5.75],
			"rotation": {"angle": 0, "axis": "z", "origin": [4.09954, 0.43122, 9.5]},
			"faces": {
				"north": {"uv": [0, 0, 1, 1], "texture": "#4"},
				"east": {"uv": [0, 0, 1, 1], "texture": "#4"},
				"south": {"uv": [0, 0, 1, 1], "texture": "#4"},
				"west": {"uv": [0, 0, 1, 1], "texture": "#4"},
				"up": {"uv": [0, 0, 1, 1], "texture": "#4"},
				"down": {"uv": [0, 0, 1, 1], "texture": "#4"}
			}
		}
	],
	"groups": [
		{
			"name": "spiky",
			"origin": [8, 21, 8],
			"children": [0, 1, 2, 3, 4, 5, 6]
		},
		{
			"name": "small",
			"origin": [4.09954, 0.43122, 9.5],
			"children": [7, 8, 9, 10]
		}
	]
}