{
	"credit": "Made by McTsts with Blockbench",
	"textures": {
		"particle": "empty",
		"10": "block/diorite"
	},
	"elements": [
		{
			"name": "6",
			"from": [5.1878, 0, 6.80521],
			"to": [5.6878, 1, 8.05521],
			"rotation": {"angle": 22.5, "axis": "y", "origin": [4.89301, 8, 6.49241]},
			"faces": {
				"north": {"uv": [0, 0, 0.5, 1], "texture": "#10"},
				"east": {"uv": [0, 0, 1.25, 1], "texture": "#10"},
				"south": {"uv": [0, 0, 0.5, 1], "texture": "#10"},
				"west": {"uv": [0, 0, 1.25, 1], "texture": "#10"},
				"up": {"uv": [0, 0, 0.5, 1.25], "rotation": 180, "texture": "#10"},
				"down": {"uv": [0, 0, 0.5, 1.25], "rotation": 180, "texture": "#10"}
			}
		},
		{
			"name": "7",
			"from": [4.36801, 0.025, 6.39241],
			"to": [5.86801, 1.025, 8.39241],
			"rotation": {"angle": 45, "axis": "y", "origin": [4.89301, 8, 6.49241]},
			"faces": {
				"north": {"uv": [0, 0, 1.5, 1], "texture": "#10"},
				"east": {"uv": [0, 0, 2, 1], "texture": "#10"},
				"south": {"uv": [0, 0, 1.5, 1], "texture": "#10"},
				"west": {"uv": [0, 0, 2, 1], "texture": "#10"},
				"up": {"uv": [0, 0, 1.5, 2], "rotation": 180, "texture": "#10"},
				"down": {"uv": [0, 0, 1.5, 2], "rotation": 180, "texture": "#10"}
			}
		},
		{
			"name": "5",
			"from": [4.61801, 0, 4.84241],
			"to": [5.11801, 1, 6.09241],
			"rotation": {"angle": -22.5, "axis": "y", "origin": [4.86801, 8, 6.49241]},
			"faces": {
				"north": {"uv": [0, 0, 0.5, 1], "texture": "#10"},
				"east": {"uv": [0, 0, 1.25, 1], "texture": "#10"},
				"south": {"uv": [0, 0, 0.5, 1], "texture": "#10"},
				"west": {"uv": [0, 0, 1.25, 1], "texture": "#10"},
				"up": {"uv": [0, 0, 0.5, 1.25], "texture": "#10"},
				"down": {"uv": [0, 0, 0.5, 1.25], "texture": "#10"}
			}
		},
		{
			"name": "4",
			"from": [4.76801, 0.05, 5.99241],
			"to": [6.76801, 1.05, 7.49241],
			"rotation": {"angle": 45, "axis": "y", "origin": [4.89301, 8, 6.49241]},
			"faces": {
				"north": {"uv": [0, 0, 2, 1], "texture": "#10"},
				"east": {"uv": [0, 0, 1.5, 1], "texture": "#10"},
				"south": {"uv": [0, 0, 2, 1], "texture": "#10"},
				"west": {"uv": [0, 0, 1.5, 1], "texture": "#10"},
				"up": {"uv": [0, 0, 1.5, 2], "rotation": 90, "texture": "#10"},
				"down": {"uv": [0, 0, 1.5, 2], "rotation": 270, "texture": "#10"}
			}
		},
		{
			"name": "3",
			"from": [5.79301, 0, 5.74241],
			"to": [6.79301, 1, 7.49241],
			"rotation": {"angle": 22.5, "axis": "y", "origin": [4.89301, 8, 6.49241]},
			"faces": {
				"north": {"uv": [0, 0, 1, 1], "texture": "#10"},
				"east": {"uv": [0, 0, 1.75, 1], "texture": "#10"},
				"south": {"uv": [0, 0, 1, 1], "texture": "#10"},
				"west": {"uv": [0, 0, 1.75, 1], "texture": "#10"},
				"up": {"uv": [0, 0, 1.75, 1], "rotation": 90, "texture": "#10"},
				"down": {"uv": [0, 0, 1.75, 1], "rotation": 270, "texture": "#10"}
			}
		},
		{
			"name": "2",
			"from": [5.79301, -0.025, 5.49241],
			"to": [6.79301, 0.975, 7.24241],
			"rotation": {"angle": -22.5, "axis": "y", "origin": [4.89301, 8, 6.49241]},
			"faces": {
				"north": {"uv": [0, 0, 1, 1], "texture": "#10"},
				"east": {"uv": [0, 0, 1.75, 1], "texture": "#10"},
				"south": {"uv": [0, 0, 1, 1], "texture": "#10"},
				"west": {"uv": [0, 0, 1.75, 1], "texture": "#10"},
				"up": {"uv": [0, 0, 1.75, 1], "rotation": 90, "texture": "#10"},
				"down": {"uv": [0, 0, 1.75, 1], "rotation": 270, "texture": "#10"}
			}
		},
		{
			"name": "1",
			"from": [4.26801, -0.05, 5.49241],
			"to": [6.76801, 0.95, 7.49241],
			"rotation": {"angle": 0, "axis": "y", "origin": [4.89301, 8, 6.49241]},
			"faces": {
				"north": {"uv": [0, 0, 2.5, 1], "texture": "#10"},
				"east": {"uv": [0, 0, 2, 1], "texture": "#10"},
				"south": {"uv": [0, 0, 2.5, 1], "texture": "#10"},
				"west": {"uv": [0, 0, 2, 1], "texture": "#10"},
				"up": {"uv": [0, 0, 2, 2.5], "rotation": 90, "texture": "#10"},
				"down": {"uv": [0, 0, 2, 2.5], "rotation": 270, "texture": "#10"}
			}
		}
	],
	"groups": [
		{
			"name": "spiky",
			"origin": [8, 21, 8],
			"children": [0, 1, 2, 3, 4, 5, 6]
		}
	]
}