{
	"credit": "Made by McTsts with Blockbench",
	"textures": {
		"particle": "empty",
		"1": "block/granite",
		"4": "block/bone_block_side",
		"5": "block/brown_mushroom_block",
		"particle": "block/granite"
	},
	"elements": [
		{
			"name": "8",
			"from": [10.5, -1.16106, 4.67457],
			"to": [13.5, -0.31731, 7.67457],
			"rotation": {"angle": 22.5, "axis": "z", "origin": [12, 1.52644, 6.17457]},
			"faces": {
				"north": {"uv": [9, 0, 12, 0.84375], "texture": "#1"},
				"east": {"uv": [6, 0, 9, 0.84375], "texture": "#1"},
				"south": {"uv": [3, 0, 6, 0.84375], "texture": "#1"},
				"west": {"uv": [0, 0, 3, 0.84375], "texture": "#1"},
				"up": {"uv": [0, 0, 3, 3], "texture": "#1"},
				"down": {"uv": [0, 0, 3, 3], "texture": "#1"}
			}
		},
		{
			"name": "9",
			"from": [10.6875, -0.31731, 4.86207],
			"to": [13.3125, 0.52644, 7.48707],
			"rotation": {"angle": 22.5, "axis": "z", "origin": [12, 1.52644, 6.17457]},
			"faces": {
				"north": {"uv": [10.2, 0, 12.825, 0.84375], "texture": "#1"},
				"east": {"uv": [7.2, 0, 9.825, 0.84375], "texture": "#1"},
				"south": {"uv": [4.2, 0, 6.825, 0.84375], "texture": "#1"},
				"west": {"uv": [1.2, 0, 3.825, 0.84375], "texture": "#1"},
				"up": {"uv": [1, 0, 3.625, 2.625], "texture": "#1"},
				"down": {"uv": [1, 0, 3.625, 2.625], "texture": "#1"}
			}
		},
		{
			"name": "10",
			"from": [10.875, 0.52644, 5.04957],
			"to": [13.125, 1.37019, 7.29957],
			"rotation": {"angle": 22.5, "axis": "z", "origin": [12, 1.52644, 6.17457]},
			"faces": {
				"north": {"uv": [11.35, 0, 13.6, 0.84375], "texture": "#1"},
				"east": {"uv": [8.35, 0, 10.6, 0.84375], "texture": "#1"},
				"south": {"uv": [5.35, 0, 7.6, 0.84375], "texture": "#1"},
				"west": {"uv": [2.35, 0, 4.6, 0.84375], "texture": "#1"},
				"up": {"uv": [2, 0, 4.25, 2.25], "texture": "#1"},
				"down": {"uv": [2, 0, 4.25, 2.25], "texture": "#1"}
			}
		},
		{
			"name": "11",
			"from": [11.0625, 1.37019, 5.23707],
			"to": [12.9375, 2.21394, 7.11207],
			"rotation": {"angle": 22.5, "axis": "z", "origin": [12, 1.52644, 6.17457]},
			"faces": {
				"north": {"uv": [12.55, 0, 14.425, 0.84375], "texture": "#1"},
				"east": {"uv": [9.55, 0, 11.425, 0.84375], "texture": "#1"},
				"south": {"uv": [6.55, 0, 8.425, 0.84375], "texture": "#1"},
				"west": {"uv": [3.55, 0, 5.425, 0.84375], "texture": "#1"},
				"up": {"uv": [3, 0, 4.875, 1.875], "texture": "#1"},
				"down": {"uv": [3, 0, 4.875, 1.875], "texture": "#1"}
			}
		},
		{
			"name": "12",
			"from": [11.3125, 2.21394, 5.48707],
			"to": [12.6875, 3.05769, 6.86207],
			"rotation": {"angle": 22.5, "axis": "z", "origin": [12, 1.52644, 6.17457]},
			"faces": {
				"north": {"uv": [13, 0, 14.375, 0.84375], "texture": "#1"},
				"east": {"uv": [10, 0, 11.375, 0.84375], "texture": "#1"},
				"south": {"uv": [7, 0, 8.375, 0.84375], "texture": "#1"},
				"west": {"uv": [4.8, 0, 6.175, 0.84375], "texture": "#1"},
				"up": {"uv": [4, 0, 5.375, 1.375], "texture": "#1"},
				"down": {"uv": [4, 0, 5.375, 1.375], "texture": "#1"}
			}
		},
		{
			"name": "13",
			"from": [11.5625, 3.05769, 5.73707],
			"to": [12.4375, 3.90144, 6.61207],
			"rotation": {"angle": 22.5, "axis": "z", "origin": [12, 1.52644, 6.17457]},
			"faces": {
				"north": {"uv": [14, 0, 14.875, 0.84375], "texture": "#1"},
				"east": {"uv": [11, 0, 11.875, 0.84375], "texture": "#1"},
				"south": {"uv": [8, 0, 8.875, 0.84375], "texture": "#1"},
				"west": {"uv": [5, 0, 5.875, 0.84375], "texture": "#1"},
				"up": {"uv": [5, 0, 5.875, 0.875], "texture": "#1"},
				"down": {"uv": [5, 0, 5.875, 0.875], "texture": "#1"}
			}
		},
		{
			"name": "brown mushroom",
			"from": [9, 0, 3],
			"to": [10, 1, 4],
			"rotation": {"angle": 22.5, "axis": "y", "origin": [6.5, 0.5, 3.5]},
			"faces": {
				"north": {"uv": [0, 0, 1, 1], "texture": "#5"},
				"east": {"uv": [0, 0, 1, 1], "texture": "#5"},
				"south": {"uv": [0, 0, 1, 1], "texture": "#5"},
				"west": {"uv": [0, 0, 1, 1], "texture": "#5"},
				"up": {"uv": [0, 0, 1, 1], "texture": "#5"},
				"down": {"uv": [0, 0, 1, 1], "texture": "#5"}
			}
		},
		{
			"name": "bone 2x1",
			"from": [0.4738, 0, 4.42224],
			"to": [1.4738, 1, 6.42224],
			"rotation": {"angle": 45, "axis": "y", "origin": [4.9738, 0.5, 4.42224]},
			"faces": {
				"north": {"uv": [1, 0, 3, 1], "texture": "#4"},
				"east": {"uv": [2, 3, 4, 4], "texture": "#4"},
				"south": {"uv": [0, 0, 2, 1], "texture": "#4"},
				"west": {"uv": [3, 3, 5, 4], "texture": "#4"},
				"up": {"uv": [3, 3, 4, 5], "texture": "#4"},
				"down": {"uv": [3, 3, 4, 5], "texture": "#4"}
			}
		},
		{
			"name": "shroom 2x1",
			"from": [8.18611, 0, 9.96298],
			"to": [9.18611, 1, 11.96298],
			"rotation": {"angle": 0, "axis": "y", "origin": [8.68611, 0.5, 10.96298]},
			"faces": {
				"north": {"uv": [1, 0, 3, 1], "texture": "#5"},
				"east": {"uv": [5, 1, 7, 2], "texture": "#5"},
				"south": {"uv": [3, 14, 5, 15], "texture": "#5"},
				"west": {"uv": [6, 7, 8, 8], "texture": "#5"},
				"up": {"uv": [7, 8, 8, 10], "texture": "#5"},
				"down": {"uv": [4, 10, 5, 12], "texture": "#5"}
			}
		},
		{
			"name": "bone",
			"from": [4.59954, -0.06878, 11.75],
			"to": [5.59954, 0.93122, 12.75],
			"rotation": {"angle": 0, "axis": "z", "origin": [4.09954, 0.43122, 9.5]},
			"faces": {
				"north": {"uv": [0, 0, 1, 1], "texture": "#4"},
				"east": {"uv": [0, 0, 1, 1], "texture": "#4"},
				"south": {"uv": [0, 0, 1, 1], "texture": "#4"},
				"west": {"uv": [0, 0, 1, 1], "texture": "#4"},
				"up": {"uv": [0, 0, 1, 1], "texture": "#4"},
				"down": {"uv": [0, 0, 1, 1], "texture": "#4"}
			}
		}
	],
	"groups": [
		{
			"name": "spiral",
			"origin": [8, 8, 8],
			"children": [0, 1, 2, 3, 4, 5]
		},
		{
			"name": "small",
			"origin": [4.09954, 0.43122, 9.5],
			"children": [6, 7, 8, 9]
		}
	]
}