{
	"credit": "Made by McTsts with Blockbench",
	"textures": {
		"particle": "empty",
		"1": "block/granite",
		"4": "block/bone_block_side",
		"5": "block/brown_mushroom_block",
		"particle": "block/granite"
	},
	"elements": [
		{
			"name": "8",
			"from": [5.5, -1.16106, 9.67457],
			"to": [8.5, -0.31731, 12.67457],
			"rotation": {"angle": -22.5, "axis": "x", "origin": [12, 1.52644, 11.17457]},
			"faces": {
				"north": {"uv": [0, 0, 3, 0.84375], "texture": "#1"},
				"east": {"uv": [9, 0, 12, 0.84375], "texture": "#1"},
				"south": {"uv": [6, 0, 9, 0.84375], "texture": "#1"},
				"west": {"uv": [3, 0, 6, 0.84375], "texture": "#1"},
				"up": {"uv": [0, 0, 3, 3], "rotation": 90, "texture": "#1"},
				"down": {"uv": [0, 0, 3, 3], "rotation": 270, "texture": "#1"}
			}
		},
		{
			"name": "9",
			"from": [5.6875, -0.31731, 9.86207],
			"to": [8.3125, 0.52644, 12.48707],
			"rotation": {"angle": -22.5, "axis": "x", "origin": [12, 1.52644, 11.17457]},
			"faces": {
				"north": {"uv": [1.2, 0, 3.825, 0.84375], "texture": "#1"},
				"east": {"uv": [10.2, 0, 12.825, 0.84375], "texture": "#1"},
				"south": {"uv": [7.2, 0, 9.825, 0.84375], "texture": "#1"},
				"west": {"uv": [4.2, 0, 6.825, 0.84375], "texture": "#1"},
				"up": {"uv": [1, 0, 3.625, 2.625], "rotation": 90, "texture": "#1"},
				"down": {"uv": [1, 0, 3.625, 2.625], "rotation": 270, "texture": "#1"}
			}
		},
		{
			"name": "10",
			"from": [5.875, 0.52644, 10.04957],
			"to": [8.125, 1.37019, 12.29957],
			"rotation": {"angle": -22.5, "axis": "x", "origin": [12, 1.52644, 11.17457]},
			"faces": {
				"north": {"uv": [2.35, 0, 4.6, 0.84375], "texture": "#1"},
				"east": {"uv": [11.35, 0, 13.6, 0.84375], "texture": "#1"},
				"south": {"uv": [8.35, 0, 10.6, 0.84375], "texture": "#1"},
				"west": {"uv": [5.35, 0, 7.6, 0.84375], "texture": "#1"},
				"up": {"uv": [2, 0, 4.25, 2.25], "rotation": 90, "texture": "#1"},
				"down": {"uv": [2, 0, 4.25, 2.25], "rotation": 270, "texture": "#1"}
			}
		},
		{
			"name": "11",
			"from": [6.0625, 1.37019, 10.23707],
			"to": [7.9375, 2.21394, 12.11207],
			"rotation": {"angle": -22.5, "axis": "x", "origin": [12, 1.52644, 11.17457]},
			"faces": {
				"north": {"uv": [3.55, 0, 5.425, 0.84375], "texture": "#1"},
				"east": {"uv": [12.55, 0, 14.425, 0.84375], "texture": "#1"},
				"south": {"uv": [9.55, 0, 11.425, 0.84375], "texture": "#1"},
				"west": {"uv": [6.55, 0, 8.425, 0.84375], "texture": "#1"},
				"up": {"uv": [3, 0, 4.875, 1.875], "rotation": 90, "texture": "#1"},
				"down": {"uv": [3, 0, 4.875, 1.875], "rotation": 270, "texture": "#1"}
			}
		},
		{
			"name": "12",
			"from": [6.3125, 2.21394, 10.48707],
			"to": [7.6875, 3.05769, 11.86207],
			"rotation": {"angle": -22.5, "axis": "x", "origin": [12, 1.52644, 11.17457]},
			"faces": {
				"north": {"uv": [4.8, 0, 6.175, 0.84375], "texture": "#1"},
				"east": {"uv": [13, 0, 14.375, 0.84375], "texture": "#1"},
				"south": {"uv": [10, 0, 11.375, 0.84375], "texture": "#1"},
				"west": {"uv": [7, 0, 8.375, 0.84375], "texture": "#1"},
				"up": {"uv": [4, 0, 5.375, 1.375], "rotation": 90, "texture": "#1"},
				"down": {"uv": [4, 0, 5.375, 1.375], "rotation": 270, "texture": "#1"}
			}
		},
		{
			"name": "13",
			"from": [6.5625, 3.05769, 10.73707],
			"to": [7.4375, 3.90144, 11.61207],
			"rotation": {"angle": -22.5, "axis": "x", "origin": [12, 1.52644, 11.17457]},
			"faces": {
				"north": {"uv": [5, 0, 5.875, 0.84375], "texture": "#1"},
				"east": {"uv": [14, 0, 14.875, 0.84375], "texture": "#1"},
				"south": {"uv": [11, 0, 11.875, 0.84375], "texture": "#1"},
				"west": {"uv": [8, 0, 8.875, 0.84375], "texture": "#1"},
				"up": {"uv": [5, 0, 5.875, 0.875], "rotation": 90, "texture": "#1"},
				"down": {"uv": [5, 0, 5.875, 0.875], "rotation": 270, "texture": "#1"}
			}
		},
		{
			"name": "brown mushroom",
			"from": [9, 0, 3],
			"to": [10, 1, 4],
			"rotation": {"angle": 22.5, "axis": "y", "origin": [6.5, 0.5, 3.5]},
			"faces": {
				"north": {"uv": [0, 0, 1, 1], "texture": "#5"},
				"east": {"uv": [0, 0, 1, 1], "texture": "#5"},
				"south": {"uv": [0, 0, 1, 1], "texture": "#5"},
				"west": {"uv": [0, 0, 1, 1], "texture": "#5"},
				"up": {"uv": [0, 0, 1, 1], "texture": "#5"},
				"down": {"uv": [0, 0, 1, 1], "texture": "#5"}
			}
		},
		{
			"name": "bone 2x1",
			"from": [0.4738, 0, 4.42224],
			"to": [1.4738, 1, 6.42224],
			"rotation": {"angle": 45, "axis": "y", "origin": [4.9738, 0.5, 4.42224]},
			"faces": {
				"north": {"uv": [1, 0, 3, 1], "texture": "#4"},
				"east": {"uv": [2, 3, 4, 4], "texture": "#4"},
				"south": {"uv": [0, 0, 2, 1], "texture": "#4"},
				"west": {"uv": [3, 3, 5, 4], "texture": "#4"},
				"up": {"uv": [3, 3, 4, 5], "texture": "#4"},
				"down": {"uv": [3, 3, 4, 5], "texture": "#4"}
			}
		}
	],
	"groups": [
		{
			"name": "spiral",
			"origin": [8, 8, 8],
			"children": [0, 1, 2, 3, 4, 5]
		},
		{
			"name": "small",
			"origin": [4.09954, 0.43122, 9.5],
			"children": [6, 7]
		}
	]
}