{
	"credit": "Made by McTsts with Blockbench",
	"textures": {
		"particle": "empty",
		"1": "block/granite",
		"particle": "block/granite"
	},
	"elements": [
		{
			"name": "8",
			"from": [4.5, -0.16106, 2.67457],
			"to": [7.5, 0.68269, 5.67457],
			"rotation": {"angle": -45, "axis": "x", "origin": [12, 2.37019, 6.17457]},
			"faces": {
				"north": {"uv": [6, 0, 9, 0.84375], "texture": "#1"},
				"east": {"uv": [3, 0, 6, 0.84375], "texture": "#1"},
				"south": {"uv": [0, 0, 3, 0.84375], "texture": "#1"},
				"west": {"uv": [9, 0, 12, 0.84375], "texture": "#1"},
				"up": {"uv": [0, 0, 3, 3], "rotation": 270, "texture": "#1"},
				"down": {"uv": [0, 0, 3, 3], "rotation": 90, "texture": "#1"}
			}
		},
		{
			"name": "9",
			"from": [4.6875, 0.68269, 2.86207],
			"to": [7.3125, 1.52644, 5.48707],
			"rotation": {"angle": -45, "axis": "x", "origin": [12, 2.37019, 6.17457]},
			"faces": {
				"north": {"uv": [7.2, 0, 9.825, 0.84375], "texture": "#1"},
				"east": {"uv": [4.2, 0, 6.825, 0.84375], "texture": "#1"},
				"south": {"uv": [1.2, 0, 3.825, 0.84375], "texture": "#1"},
				"west": {"uv": [10.2, 0, 12.825, 0.84375], "texture": "#1"},
				"up": {"uv": [1, 0, 3.625, 2.625], "rotation": 270, "texture": "#1"},
				"down": {"uv": [1, 0, 3.625, 2.625], "rotation": 90, "texture": "#1"}
			}
		},
		{
			"name": "10",
			"from": [4.875, 1.52644, 3.04957],
			"to": [7.125, 2.37019, 5.29957],
			"rotation": {"angle": -45, "axis": "x", "origin": [12, 2.37019, 6.17457]},
			"faces": {
				"north": {"uv": [8.35, 0, 10.6, 0.84375], "texture": "#1"},
				"east": {"uv": [5.35, 0, 7.6, 0.84375], "texture": "#1"},
				"south": {"uv": [2.35, 0, 4.6, 0.84375], "texture": "#1"},
				"west": {"uv": [11.35, 0, 13.6, 0.84375], "texture": "#1"},
				"up": {"uv": [2, 0, 4.25, 2.25], "rotation": 270, "texture": "#1"},
				"down": {"uv": [2, 0, 4.25, 2.25], "rotation": 90, "texture": "#1"}
			}
		},
		{
			"name": "11",
			"from": [5.0625, 2.37019, 3.23707],
			"to": [6.9375, 3.21394, 5.11207],
			"rotation": {"angle": -45, "axis": "x", "origin": [12, 2.37019, 6.17457]},
			"faces": {
				"north": {"uv": [9.55, 0, 11.425, 0.84375], "texture": "#1"},
				"east": {"uv": [6.55, 0, 8.425, 0.84375], "texture": "#1"},
				"south": {"uv": [3.55, 0, 5.425, 0.84375], "texture": "#1"},
				"west": {"uv": [12.55, 0, 14.425, 0.84375], "texture": "#1"},
				"up": {"uv": [3, 0, 4.875, 1.875], "rotation": 270, "texture": "#1"},
				"down": {"uv": [3, 0, 4.875, 1.875], "rotation": 90, "texture": "#1"}
			}
		},
		{
			"name": "12",
			"from": [5.3125, 3.21394, 3.48707],
			"to": [6.6875, 4.05769, 4.86207],
			"rotation": {"angle": -45, "axis": "x", "origin": [12, 2.37019, 6.17457]},
			"faces": {
				"north": {"uv": [10, 0, 11.375, 0.84375], "texture": "#1"},
				"east": {"uv": [7, 0, 8.375, 0.84375], "texture": "#1"},
				"south": {"uv": [4.8, 0, 6.175, 0.84375], "texture": "#1"},
				"west": {"uv": [13, 0, 14.375, 0.84375], "texture": "#1"},
				"up": {"uv": [4, 0, 5.375, 1.375], "rotation": 270, "texture": "#1"},
				"down": {"uv": [4, 0, 5.375, 1.375], "rotation": 90, "texture": "#1"}
			}
		},
		{
			"name": "13",
			"from": [5.5625, 4.05769, 3.73707],
			"to": [6.4375, 4.90144, 4.61207],
			"rotation": {"angle": -45, "axis": "x", "origin": [12, 2.37019, 6.17457]},
			"faces": {
				"north": {"uv": [11, 0, 11.875, 0.84375], "texture": "#1"},
				"east": {"uv": [8, 0, 8.875, 0.84375], "texture": "#1"},
				"south": {"uv": [5, 0, 5.875, 0.84375], "texture": "#1"},
				"west": {"uv": [14, 0, 14.875, 0.84375], "texture": "#1"},
				"up": {"uv": [5, 0, 5.875, 0.875], "rotation": 270, "texture": "#1"},
				"down": {"uv": [5, 0, 5.875, 0.875], "rotation": 90, "texture": "#1"}
			}
		}
	],
	"groups": [
		{
			"name": "spiral",
			"origin": [8, 8, 8],
			"children": [0, 1, 2, 3, 4, 5]
		},
		{
			"name": "small",
			"origin": [4.09954, 0.43122, 9.5],
			"children": []
		}
	]
}