{
	"credit": "Made by McTsts with Blockbench",
	"textures": {
		"particle": "empty",
		"1": "block/granite",
		"particle": "block/granite"
	},
	"elements": [
		{
			"name": "8",
			"from": [3.5, -1.12981, 9.86207],
			"to": [6.5, 1.87019, 10.70582],
			"rotation": {"angle": 0, "axis": "x", "origin": [6, 2.37019, 8.17457]},
			"faces": {
				"north": {"uv": [0, 0, 3, 3], "rotation": 90, "texture": "#1"},
				"east": {"uv": [3, 0, 6, 0.84375], "rotation": 90, "texture": "#1"},
				"south": {"uv": [0, 0, 3, 3], "rotation": 90, "texture": "#1"},
				"west": {"uv": [9, 0, 12, 0.84375], "rotation": 270, "texture": "#1"},
				"up": {"uv": [0, 0, 3, 0.84375], "texture": "#1"},
				"down": {"uv": [6, 0, 9, 0.84375], "rotation": 180, "texture": "#1"}
			}
		},
		{
			"name": "9",
			"from": [3.6875, -0.94231, 9.01832],
			"to": [6.3125, 1.68269, 9.86207],
			"rotation": {"angle": 0, "axis": "x", "origin": [6, 2.37019, 8.17457]},
			"faces": {
				"north": {"uv": [1, 0, 3.625, 2.625], "rotation": 90, "texture": "#1"},
				"east": {"uv": [4.2, 0, 6.825, 0.84375], "rotation": 90, "texture": "#1"},
				"south": {"uv": [1, 0, 3.625, 2.625], "rotation": 90, "texture": "#1"},
				"west": {"uv": [10.2, 0, 12.825, 0.84375], "rotation": 270, "texture": "#1"},
				"up": {"uv": [1.2, 0, 3.825, 0.84375], "texture": "#1"},
				"down": {"uv": [7.2, 0, 9.825, 0.84375], "rotation": 180, "texture": "#1"}
			}
		},
		{
			"name": "10",
			"from": [3.875, -0.75481, 8.17457],
			"to": [6.125, 1.49519, 9.01832],
			"rotation": {"angle": 0, "axis": "x", "origin": [6, 2.37019, 8.17457]},
			"faces": {
				"north": {"uv": [2, 0, 4.25, 2.25], "rotation": 90, "texture": "#1"},
				"east": {"uv": [5.35, 0, 7.6, 0.84375], "rotation": 90, "texture": "#1"},
				"south": {"uv": [2, 0, 4.25, 2.25], "rotation": 90, "texture": "#1"},
				"west": {"uv": [11.35, 0, 13.6, 0.84375], "rotation": 270, "texture": "#1"},
				"up": {"uv": [2.35, 0, 4.6, 0.84375], "texture": "#1"},
				"down": {"uv": [8.35, 0, 10.6, 0.84375], "rotation": 180, "texture": "#1"}
			}
		},
		{
			"name": "11",
			"from": [4.0625, -0.56731, 7.33082],
			"to": [5.9375, 1.30769, 8.17457],
			"rotation": {"angle": 0, "axis": "x", "origin": [6, 2.37019, 8.17457]},
			"faces": {
				"north": {"uv": [3, 0, 4.875, 1.875], "rotation": 90, "texture": "#1"},
				"east": {"uv": [6.55, 0, 8.425, 0.84375], "rotation": 90, "texture": "#1"},
				"south": {"uv": [3, 0, 4.875, 1.875], "rotation": 90, "texture": "#1"},
				"west": {"uv": [12.55, 0, 14.425, 0.84375], "rotation": 270, "texture": "#1"},
				"up": {"uv": [3.55, 0, 5.425, 0.84375], "texture": "#1"},
				"down": {"uv": [9.55, 0, 11.425, 0.84375], "rotation": 180, "texture": "#1"}
			}
		},
		{
			"name": "12",
			"from": [4.3125, -0.31731, 6.48707],
			"to": [5.6875, 1.05769, 7.33082],
			"rotation": {"angle": 0, "axis": "x", "origin": [6, 2.37019, 8.17457]},
			"faces": {
				"north": {"uv": [4, 0, 5.375, 1.375], "rotation": 90, "texture": "#1"},
				"east": {"uv": [7, 0, 8.375, 0.84375], "rotation": 90, "texture": "#1"},
				"south": {"uv": [4, 0, 5.375, 1.375], "rotation": 90, "texture": "#1"},
				"west": {"uv": [13, 0, 14.375, 0.84375], "rotation": 270, "texture": "#1"},
				"up": {"uv": [4.8, 0, 6.175, 0.84375], "texture": "#1"},
				"down": {"uv": [10, 0, 11.375, 0.84375], "rotation": 180, "texture": "#1"}
			}
		},
		{
			"name": "13",
			"from": [4.5625, -0.06731, 5.64332],
			"to": [5.4375, 0.80769, 6.48707],
			"rotation": {"angle": 0, "axis": "x", "origin": [6, 2.37019, 8.17457]},
			"faces": {
				"north": {"uv": [5, 0, 5.875, 0.875], "rotation": 90, "texture": "#1"},
				"east": {"uv": [8, 0, 8.875, 0.84375], "rotation": 90, "texture": "#1"},
				"south": {"uv": [5, 0, 5.875, 0.875], "rotation": 90, "texture": "#1"},
				"west": {"uv": [14, 0, 14.875, 0.84375], "rotation": 270, "texture": "#1"},
				"up": {"uv": [5, 0, 5.875, 0.84375], "texture": "#1"},
				"down": {"uv": [11, 0, 11.875, 0.84375], "rotation": 180, "texture": "#1"}
			}
		}
	],
	"groups": [
		{
			"name": "spiral",
			"origin": [8, 8, 8],
			"children": [0, 1, 2, 3, 4, 5]
		}
	]
}