{
	"credit": "Made by McTsts with Blockbench",
	"textures": {
		"particle": "empty",
		"2": "block/orange_glazed_terracotta",
		"4": "block/bone_block_side"
	},
	"elements": [
		{
			"name": "a",
			"from": [7.09223, -1, 6.77734],
			"to": [9.09223, 1, 10.97734],
			"rotation": {"angle": -22.5, "axis": "y", "origin": [7.87116, 0.025, 7.78642]},
			"faces": {
				"north": {"uv": [0, 0, 2, 2], "texture": "#2"},
				"east": {"uv": [0, 0, 4.2, 2], "texture": "#2"},
				"south": {"uv": [0, 0, 2, 2], "texture": "#2"},
				"west": {"uv": [0, 0, 4.2, 2], "texture": "#2"},
				"up": {"uv": [0, 0, 2, 4.2], "texture": "#2"},
				"down": {"uv": [0, 0, 2, 4.2], "texture": "#2"}
			}
		},
		{
			"name": "b",
			"from": [4.63389, -1.05, 6.52211],
			"to": [8.83389, 0.95, 8.52211],
			"rotation": {"angle": 22.5, "axis": "y", "origin": [7.87116, 0.025, 7.78642]},
			"faces": {
				"north": {"uv": [0, 0, 4.2, 2], "texture": "#2"},
				"east": {"uv": [0, 0, 2, 2], "texture": "#2"},
				"south": {"uv": [0, 0, 4.2, 2], "texture": "#2"},
				"west": {"uv": [0, 0, 2, 2], "texture": "#2"},
				"up": {"uv": [0, 0, 2, 4.2], "rotation": 90, "texture": "#2"},
				"down": {"uv": [0, 0, 2, 4.2], "rotation": 270, "texture": "#2"}
			}
		},
		{
			"name": "c",
			"from": [4.95, -0.9, 6.7],
			"to": [10.95, 1.1, 8.7],
			"rotation": {"angle": -45, "axis": "y", "origin": [7.87116, 0.025, 7.78642]},
			"faces": {
				"north": {"uv": [0, 0, 6, 2], "texture": "#2"},
				"east": {"uv": [0, 0, 2, 2], "texture": "#2"},
				"south": {"uv": [0, 0, 6, 2], "texture": "#2"},
				"west": {"uv": [0, 0, 2, 2], "texture": "#2"},
				"up": {"uv": [0, 0, 6, 2], "texture": "#2"},
				"down": {"uv": [0, 0, 6, 2], "texture": "#2"}
			}
		},
		{
			"name": "d",
			"from": [6.85, -0.95, 5],
			"to": [8.85, 1.05, 7],
			"rotation": {"angle": -45, "axis": "y", "origin": [7.87116, 0.025, 7.78642]},
			"faces": {
				"north": {"uv": [0, 0, 2, 2], "texture": "#2"},
				"east": {"uv": [0, 0, 2, 2], "texture": "#2"},
				"south": {"uv": [0, 0, 2, 2], "texture": "#2"},
				"west": {"uv": [0, 0, 2, 2], "texture": "#2"},
				"up": {"uv": [0, 0, 2, 2], "texture": "#2"},
				"down": {"uv": [0, 0, 2, 2], "texture": "#2"}
			}
		},
		{
			"name": "bone 2x1",
			"from": [9.93611, 0, 10.46298],
			"to": [11.93611, 1, 11.46298],
			"rotation": {"angle": 22.5, "axis": "y", "origin": [15.93611, 0.5, 12.96298]},
			"faces": {
				"north": {"uv": [3, 3, 5, 4], "texture": "#4"},
				"east": {"uv": [1, 0, 3, 1], "texture": "#4"},
				"south": {"uv": [2, 3, 4, 4], "texture": "#4"},
				"west": {"uv": [0, 0, 2, 1], "texture": "#4"},
				"up": {"uv": [3, 3, 4, 5], "rotation": 90, "texture": "#4"},
				"down": {"uv": [3, 3, 4, 5], "rotation": 270, "texture": "#4"}
			}
		},
		{
			"name": "bone",
			"from": [-1.40046, -0.06878, 6.75],
			"to": [-0.40046, 0.93122, 7.75],
			"rotation": {"angle": -22.5, "axis": "y", "origin": [4.09954, 0.43122, 12.25]},
			"faces": {
				"north": {"uv": [0, 0, 1, 1], "texture": "#4"},
				"east": {"uv": [0, 0, 1, 1], "texture": "#4"},
				"south": {"uv": [0, 0, 1, 1], "texture": "#4"},
				"west": {"uv": [0, 0, 1, 1], "texture": "#4"},
				"up": {"uv": [0, 0, 1, 1], "texture": "#4"},
				"down": {"uv": [0, 0, 1, 1], "texture": "#4"}
			}
		}
	],
	"groups": [
		{
			"name": "star",
			"origin": [8, 8, 8],
			"children": [0, 1, 2, 3]
		},
		{
			"name": "small",
			"origin": [4.09954, 0.43122, 9.5],
			"children": [4, 5]
		}
	]
}