{
	"credit": "Made by McTsts with Blockbench",
	"textures": {
		"particle": "empty",
		"3": "block/anvil",
		"10": "block/diorite"
	},
	"elements": [
		{
			"name": "Clam1",
			"from": [9, 2.85684, 1.5918],
			"to": [12.5, 3.35684, 3.5918],
			"rotation": {"angle": -22.5, "axis": "x", "origin": [8, 7.85684, 8.0918]},
			"faces": {
				"north": {"uv": [0, 0, 3.5, 0.5], "texture": "#3"},
				"east": {"uv": [0, 0, 2, 0.5], "texture": "#3"},
				"south": {"uv": [0, 0, 3.5, 0.5], "texture": "#3"},
				"west": {"uv": [0, 0, 2, 0.5], "texture": "#3"},
				"up": {"uv": [0, 0, 3.5, 2], "texture": "#3"},
				"down": {"uv": [0, 0, 3.5, 2], "texture": "#3"}
			}
		},
		{
			"name": "Clam2",
			"from": [9, 0, 4],
			"to": [12.5, 0.75, 6],
			"faces": {
				"north": {"uv": [0, 0, 3.5, 0.75], "texture": "#3"},
				"east": {"uv": [0, 0, 2, 0.75], "texture": "#3"},
				"south": {"uv": [0, 0, 3.5, 0.75], "texture": "#3"},
				"west": {"uv": [0, 0, 2, 0.75], "texture": "#3"},
				"up": {"uv": [0, 0, 3.5, 2], "texture": "#3"},
				"down": {"uv": [0, 0, 3.5, 2], "texture": "#3"}
			}
		},
		{
			"name": "6",
			"from": [5.3128, 0, 12.18021],
			"to": [6.5628, 1, 12.68021],
			"rotation": {"angle": 22.5, "axis": "y", "origin": [6.1878, 0.5, 12.68021]},
			"faces": {
				"north": {"uv": [0, 0, 1.25, 1], "texture": "#10"},
				"east": {"uv": [0, 0, 0.5, 1], "texture": "#10"},
				"south": {"uv": [0, 0, 1.25, 1], "texture": "#10"},
				"west": {"uv": [0, 0, 0.5, 1], "texture": "#10"},
				"up": {"uv": [0, 0, 0.5, 1.25], "rotation": 90, "texture": "#10"},
				"down": {"uv": [0, 0, 0.5, 1.25], "rotation": 270, "texture": "#10"}
			}
		},
		{
			"name": "7",
			"from": [4, 0.025, 11.1],
			"to": [5.5, 1.025, 13.1],
			"rotation": {"angle": -45, "axis": "y", "origin": [5, 8.025, 13]},
			"faces": {
				"north": {"uv": [0, 0, 1.5, 1], "texture": "#10"},
				"east": {"uv": [0, 0, 2, 1], "texture": "#10"},
				"south": {"uv": [0, 0, 1.5, 1], "texture": "#10"},
				"west": {"uv": [0, 0, 2, 1], "texture": "#10"},
				"up": {"uv": [0, 0, 1.5, 2], "texture": "#10"},
				"down": {"uv": [0, 0, 1.5, 2], "texture": "#10"}
			}
		},
		{
			"name": "5",
			"from": [3.35, 0, 12.75],
			"to": [4.6, 1, 13.25],
			"rotation": {"angle": -22.5, "axis": "y", "origin": [5, 8, 13]},
			"faces": {
				"north": {"uv": [0, 0, 1.25, 1], "texture": "#10"},
				"east": {"uv": [0, 0, 0.5, 1], "texture": "#10"},
				"south": {"uv": [0, 0, 1.25, 1], "texture": "#10"},
				"west": {"uv": [0, 0, 0.5, 1], "texture": "#10"},
				"up": {"uv": [0, 0, 0.5, 1.25], "rotation": 270, "texture": "#10"},
				"down": {"uv": [0, 0, 0.5, 1.25], "rotation": 90, "texture": "#10"}
			}
		},
		{
			"name": "4",
			"from": [4.5, 0.05, 11.1],
			"to": [6, 1.05, 13.1],
			"rotation": {"angle": 45, "axis": "y", "origin": [5, 8.025, 13]},
			"faces": {
				"north": {"uv": [0, 0, 1.5, 1], "texture": "#10"},
				"east": {"uv": [0, 0, 2, 1], "texture": "#10"},
				"south": {"uv": [0, 0, 1.5, 1], "texture": "#10"},
				"west": {"uv": [0, 0, 2, 1], "texture": "#10"},
				"up": {"uv": [0, 0, 1.5, 2], "texture": "#10"},
				"down": {"uv": [0, 0, 1.5, 2], "texture": "#10"}
			}
		},
		{
			"name": "3",
			"from": [4.25, 0, 11.075],
			"to": [6, 1, 12.075],
			"rotation": {"angle": 22.5, "axis": "y", "origin": [5, 8, 12.975]},
			"faces": {
				"north": {"uv": [0, 0, 1.75, 1], "texture": "#10"},
				"east": {"uv": [0, 0, 1, 1], "texture": "#10"},
				"south": {"uv": [0, 0, 1.75, 1], "texture": "#10"},
				"west": {"uv": [0, 0, 1, 1], "texture": "#10"},
				"up": {"uv": [0, 0, 1.75, 1], "texture": "#10"},
				"down": {"uv": [0, 0, 1.75, 1], "texture": "#10"}
			}
		},
		{
			"name": "2",
			"from": [4, -0.025, 11.075],
			"to": [5.75, 0.975, 12.075],
			"rotation": {"angle": -22.5, "axis": "y", "origin": [5, 8, 12.975]},
			"faces": {
				"north": {"uv": [0, 0, 1.75, 1], "texture": "#10"},
				"east": {"uv": [0, 0, 1, 1], "texture": "#10"},
				"south": {"uv": [0, 0, 1.75, 1], "texture": "#10"},
				"west": {"uv": [0, 0, 1, 1], "texture": "#10"},
				"up": {"uv": [0, 0, 1.75, 1], "texture": "#10"},
				"down": {"uv": [0, 0, 1.75, 1], "texture": "#10"}
			}
		},
		{
			"name": "1",
			"from": [4, -0.05, 11.1],
			"to": [6, 0.95, 13.6],
			"rotation": {"angle": 0, "axis": "y", "origin": [8, 8, 15]},
			"faces": {
				"north": {"uv": [0, 0, 2, 1], "texture": "#10"},
				"east": {"uv": [0, 0, 2.5, 1], "texture": "#10"},
				"south": {"uv": [0, 0, 2, 1], "texture": "#10"},
				"west": {"uv": [0, 0, 2.5, 1], "texture": "#10"},
				"up": {"uv": [0, 0, 2, 2.5], "texture": "#10"},
				"down": {"uv": [0, 0, 2, 2.5], "texture": "#10"}
			}
		}
	],
	"groups": [
		{
			"name": "openthing",
			"origin": [8, 8, 8],
			"children": [0, 1]
		},
		{
			"name": "spiky",
			"origin": [8, 21, 8],
			"children": [2, 3, 4, 5, 6, 7, 8]
		}
	]
}