{
	"credit": "Made by McTsts with Blockbench",
	"textures": {
		"particle": "empty",
		"1": "block/granite",
		"3": "block/anvil",
		"particle": "block/granite"
	},
	"elements": [
		{
			"name": "Clam1",
			"from": [9, 2.85684, 1.5918],
			"to": [12.5, 3.35684, 3.5918],
			"rotation": {"angle": -22.5, "axis": "x", "origin": [8, 7.85684, 8.0918]},
			"faces": {
				"north": {"uv": [0, 0, 3.5, 0.5], "texture": "#3"},
				"east": {"uv": [0, 0, 2, 0.5], "texture": "#3"},
				"south": {"uv": [0, 0, 3.5, 0.5], "texture": "#3"},
				"west": {"uv": [0, 0, 2, 0.5], "texture": "#3"},
				"up": {"uv": [0, 0, 3.5, 2], "texture": "#3"},
				"down": {"uv": [0, 0, 3.5, 2], "texture": "#3"}
			}
		},
		{
			"name": "Clam2",
			"from": [9, 0, 4],
			"to": [12.5, 0.75, 6],
			"faces": {
				"north": {"uv": [0, 0, 3.5, 0.75], "texture": "#3"},
				"east": {"uv": [0, 0, 2, 0.75], "texture": "#3"},
				"south": {"uv": [0, 0, 3.5, 0.75], "texture": "#3"},
				"west": {"uv": [0, 0, 2, 0.75], "texture": "#3"},
				"up": {"uv": [0, 0, 3.5, 2], "texture": "#3"},
				"down": {"uv": [0, 0, 3.5, 2], "texture": "#3"}
			}
		},
		{
			"name": "8",
			"from": [3.5, -0.16106, 9.67457],
			"to": [6.5, 0.68269, 12.67457],
			"rotation": {"angle": 0, "axis": "x", "origin": [5, 1.52644, 11.17457]},
			"faces": {
				"north": {"uv": [9, 0, 12, 0.84375], "texture": "#1"},
				"east": {"uv": [6, 0, 9, 0.84375], "texture": "#1"},
				"south": {"uv": [3, 0, 6, 0.84375], "texture": "#1"},
				"west": {"uv": [0, 0, 3, 0.84375], "texture": "#1"},
				"up": {"uv": [0, 0, 3, 3], "texture": "#1"},
				"down": {"uv": [0, 0, 3, 3], "texture": "#1"}
			}
		},
		{
			"name": "9",
			"from": [3.6875, 0.68269, 9.86207],
			"to": [6.3125, 1.52644, 12.48707],
			"rotation": {"angle": 0, "axis": "x", "origin": [5, 1.52644, 11.17457]},
			"faces": {
				"north": {"uv": [10.2, 0, 12.825, 0.84375], "texture": "#1"},
				"east": {"uv": [7.2, 0, 9.825, 0.84375], "texture": "#1"},
				"south": {"uv": [4.2, 0, 6.825, 0.84375], "texture": "#1"},
				"west": {"uv": [1.2, 0, 3.825, 0.84375], "texture": "#1"},
				"up": {"uv": [1, 0, 3.625, 2.625], "texture": "#1"},
				"down": {"uv": [1, 0, 3.625, 2.625], "texture": "#1"}
			}
		},
		{
			"name": "10",
			"from": [3.875, 1.52644, 10.04957],
			"to": [6.125, 2.37019, 12.29957],
			"rotation": {"angle": 0, "axis": "x", "origin": [5, 1.52644, 11.17457]},
			"faces": {
				"north": {"uv": [11.35, 0, 13.6, 0.84375], "texture": "#1"},
				"east": {"uv": [8.35, 0, 10.6, 0.84375], "texture": "#1"},
				"south": {"uv": [5.35, 0, 7.6, 0.84375], "texture": "#1"},
				"west": {"uv": [2.35, 0, 4.6, 0.84375], "texture": "#1"},
				"up": {"uv": [2, 0, 4.25, 2.25], "texture": "#1"},
				"down": {"uv": [2, 0, 4.25, 2.25], "texture": "#1"}
			}
		},
		{
			"name": "11",
			"from": [4.0625, 2.37019, 10.23707],
			"to": [5.9375, 3.21394, 12.11207],
			"rotation": {"angle": 0, "axis": "x", "origin": [5, 1.52644, 11.17457]},
			"faces": {
				"north": {"uv": [12.55, 0, 14.425, 0.84375], "texture": "#1"},
				"east": {"uv": [9.55, 0, 11.425, 0.84375], "texture": "#1"},
				"south": {"uv": [6.55, 0, 8.425, 0.84375], "texture": "#1"},
				"west": {"uv": [3.55, 0, 5.425, 0.84375], "texture": "#1"},
				"up": {"uv": [3, 0, 4.875, 1.875], "texture": "#1"},
				"down": {"uv": [3, 0, 4.875, 1.875], "texture": "#1"}
			}
		},
		{
			"name": "12",
			"from": [4.3125, 3.21394, 10.48707],
			"to": [5.6875, 4.05769, 11.86207],
			"rotation": {"angle": 0, "axis": "x", "origin": [5, 1.54519, 11.17457]},
			"faces": {
				"north": {"uv": [13, 0, 14.375, 0.84375], "texture": "#1"},
				"east": {"uv": [10, 0, 11.375, 0.84375], "texture": "#1"},
				"south": {"uv": [7, 0, 8.375, 0.84375], "texture": "#1"},
				"west": {"uv": [4.8, 0, 6.175, 0.84375], "texture": "#1"},
				"up": {"uv": [4, 0, 5.375, 1.375], "texture": "#1"},
				"down": {"uv": [4, 0, 5.375, 1.375], "texture": "#1"}
			}
		},
		{
			"name": "13",
			"from": [4.5625, 4.05769, 10.73707],
			"to": [5.4375, 4.90144, 11.61207],
			"rotation": {"angle": 0, "axis": "x", "origin": [5, -0.61106, 11.17457]},
			"faces": {
				"north": {"uv": [14, 0, 14.875, 0.84375], "texture": "#1"},
				"east": {"uv": [11, 0, 11.875, 0.84375], "texture": "#1"},
				"south": {"uv": [8, 0, 8.875, 0.84375], "texture": "#1"},
				"west": {"uv": [5, 0, 5.875, 0.84375], "texture": "#1"},
				"up": {"uv": [5, 0, 5.875, 0.875], "texture": "#1"},
				"down": {"uv": [5, 0, 5.875, 0.875], "texture": "#1"}
			}
		}
	],
	"groups": [
		{
			"name": "openthing",
			"origin": [8, 8, 8],
			"children": [0, 1]
		},
		{
			"name": "spiral",
			"origin": [8, 8, 8],
			"children": [2, 3, 4, 5, 6, 7]
		}
	]
}