{
	"credit": "Made by McTsts with Blockbench",
	"textures": {
		"particle": "empty",
		"1": "block/granite",
		"10": "block/diorite",
		"particle": "block/granite"
	},
	"elements": [
		{
			"name": "6",
			"from": [11.3128, 0, 9.18021],
			"to": [12.5628, 1, 9.68021],
			"rotation": {"angle": -22.5, "axis": "y", "origin": [11, 8, 9.975]},
			"faces": {
				"north": {"uv": [0, 0, 1.25, 1], "texture": "#10"},
				"east": {"uv": [0, 0, 0.5, 1], "texture": "#10"},
				"south": {"uv": [0, 0, 1.25, 1], "texture": "#10"},
				"west": {"uv": [0, 0, 0.5, 1], "texture": "#10"},
				"up": {"uv": [0, 0, 0.5, 1.25], "rotation": 90, "texture": "#10"},
				"down": {"uv": [0, 0, 0.5, 1.25], "rotation": 270, "texture": "#10"}
			}
		},
		{
			"name": "7",
			"from": [10.9, 0.025, 9],
			"to": [12.9, 1.025, 10.5],
			"rotation": {"angle": 0, "axis": "y", "origin": [11, 8.025, 10]},
			"faces": {
				"north": {"uv": [0, 0, 2, 1], "texture": "#10"},
				"east": {"uv": [0, 0, 1.5, 1], "texture": "#10"},
				"south": {"uv": [0, 0, 2, 1], "texture": "#10"},
				"west": {"uv": [0, 0, 1.5, 1], "texture": "#10"},
				"up": {"uv": [0, 0, 1.5, 2], "rotation": 90, "texture": "#10"},
				"down": {"uv": [0, 0, 1.5, 2], "rotation": 270, "texture": "#10"}
			}
		},
		{
			"name": "5",
			"from": [10.75, 0, 8.35],
			"to": [11.25, 1, 9.6],
			"rotation": {"angle": 22.5, "axis": "y", "origin": [11, 8, 10]},
			"faces": {
				"north": {"uv": [0, 0, 0.5, 1], "texture": "#10"},
				"east": {"uv": [0, 0, 1.25, 1], "texture": "#10"},
				"south": {"uv": [0, 0, 0.5, 1], "texture": "#10"},
				"west": {"uv": [0, 0, 1.25, 1], "texture": "#10"},
				"up": {"uv": [0, 0, 0.5, 1.25], "texture": "#10"},
				"down": {"uv": [0, 0, 0.5, 1.25], "texture": "#10"}
			}
		},
		{
			"name": "4",
			"from": [10.5, 0.05, 8.1],
			"to": [12, 1.05, 10.1],
			"rotation": {"angle": 0, "axis": "y", "origin": [11, 8.025, 10]},
			"faces": {
				"north": {"uv": [0, 0, 1.5, 1], "texture": "#10"},
				"east": {"uv": [0, 0, 2, 1], "texture": "#10"},
				"south": {"uv": [0, 0, 1.5, 1], "texture": "#10"},
				"west": {"uv": [0, 0, 2, 1], "texture": "#10"},
				"up": {"uv": [0, 0, 1.5, 2], "texture": "#10"},
				"down": {"uv": [0, 0, 1.5, 2], "texture": "#10"}
			}
		},
		{
			"name": "3",
			"from": [10.25, 0, 8.075],
			"to": [12, 1, 9.075],
			"rotation": {"angle": -22.5, "axis": "y", "origin": [11, 8, 9.975]},
			"faces": {
				"north": {"uv": [0, 0, 1.75, 1], "texture": "#10"},
				"east": {"uv": [0, 0, 1, 1], "texture": "#10"},
				"south": {"uv": [0, 0, 1.75, 1], "texture": "#10"},
				"west": {"uv": [0, 0, 1, 1], "texture": "#10"},
				"up": {"uv": [0, 0, 1.75, 1], "texture": "#10"},
				"down": {"uv": [0, 0, 1.75, 1], "texture": "#10"}
			}
		},
		{
			"name": "2",
			"from": [11.9, -0.025, 8.975],
			"to": [12.9, 0.975, 10.725],
			"rotation": {"angle": 22.5, "axis": "y", "origin": [11, 8, 9.975]},
			"faces": {
				"north": {"uv": [0, 0, 1, 1], "texture": "#10"},
				"east": {"uv": [0, 0, 1.75, 1], "texture": "#10"},
				"south": {"uv": [0, 0, 1, 1], "texture": "#10"},
				"west": {"uv": [0, 0, 1.75, 1], "texture": "#10"},
				"up": {"uv": [0, 0, 1.75, 1], "rotation": 90, "texture": "#10"},
				"down": {"uv": [0, 0, 1.75, 1], "rotation": 270, "texture": "#10"}
			}
		},
		{
			"name": "1",
			"from": [10, -0.05, 8.1],
			"to": [12, 0.95, 10.6],
			"rotation": {"angle": -45, "axis": "y", "origin": [11, 8, 9.975]},
			"faces": {
				"north": {"uv": [0, 0, 2, 1], "texture": "#10"},
				"east": {"uv": [0, 0, 2.5, 1], "texture": "#10"},
				"south": {"uv": [0, 0, 2, 1], "texture": "#10"},
				"west": {"uv": [0, 0, 2.5, 1], "texture": "#10"},
				"up": {"uv": [0, 0, 2, 2.5], "texture": "#10"},
				"down": {"uv": [0, 0, 2, 2.5], "texture": "#10"}
			}
		},
		{
			"name": "8",
			"from": [3.5, -0.97356, 9.01832],
			"to": [6.5, 2.02644, 9.86207],
			"rotation": {"angle": 45, "axis": "x", "origin": [5, 1.52644, 7.17457]},
			"faces": {
				"north": {"uv": [0, 0, 3, 3], "rotation": 180, "texture": "#1"},
				"east": {"uv": [6, 0, 9, 0.84375], "rotation": 90, "texture": "#1"},
				"south": {"uv": [0, 0, 3, 3], "texture": "#1"},
				"west": {"uv": [0, 0, 3, 0.84375], "rotation": 270, "texture": "#1"},
				"up": {"uv": [3, 0, 6, 0.84375], "texture": "#1"},
				"down": {"uv": [9, 0, 12, 0.84375], "rotation": 180, "texture": "#1"}
			}
		},
		{
			"name": "9",
			"from": [3.6875, -0.78606, 8.17457],
			"to": [6.3125, 1.83894, 9.01832],
			"rotation": {"angle": 45, "axis": "x", "origin": [5, 1.52644, 7.17457]},
			"faces": {
				"north": {"uv": [1, 0, 3.625, 2.625], "rotation": 180, "texture": "#1"},
				"east": {"uv": [7.2, 0, 9.825, 0.84375], "rotation": 90, "texture": "#1"},
				"south": {"uv": [1, 0, 3.625, 2.625], "texture": "#1"},
				"west": {"uv": [1.2, 0, 3.825, 0.84375], "rotation": 270, "texture": "#1"},
				"up": {"uv": [4.2, 0, 6.825, 0.84375], "texture": "#1"},
				"down": {"uv": [10.2, 0, 12.825, 0.84375], "rotation": 180, "texture": "#1"}
			}
		},
		{
			"name": "10",
			"from": [3.875, -0.59856, 7.33082],
			"to": [6.125, 1.65144, 8.17457],
			"rotation": {"angle": 45, "axis": "x", "origin": [5, 1.52644, 7.17457]},
			"faces": {
				"north": {"uv": [2, 0, 4.25, 2.25], "rotation": 180, "texture": "#1"},
				"east": {"uv": [8.35, 0, 10.6, 0.84375], "rotation": 90, "texture": "#1"},
				"south": {"uv": [2, 0, 4.25, 2.25], "texture": "#1"},
				"west": {"uv": [2.35, 0, 4.6, 0.84375], "rotation": 270, "texture": "#1"},
				"up": {"uv": [5.35, 0, 7.6, 0.84375], "texture": "#1"},
				"down": {"uv": [11.35, 0, 13.6, 0.84375], "rotation": 180, "texture": "#1"}
			}
		},
		{
			"name": "11",
			"from": [4.0625, -0.41106, 6.48707],
			"to": [5.9375, 1.46394, 7.33082],
			"rotation": {"angle": 45, "axis": "x", "origin": [5, 1.52644, 7.17457]},
			"faces": {
				"north": {"uv": [3, 0, 4.875, 1.875], "rotation": 180, "texture": "#1"},
				"east": {"uv": [9.55, 0, 11.425, 0.84375], "rotation": 90, "texture": "#1"},
				"south": {"uv": [3, 0, 4.875, 1.875], "texture": "#1"},
				"west": {"uv": [3.55, 0, 5.425, 0.84375], "rotation": 270, "texture": "#1"},
				"up": {"uv": [6.55, 0, 8.425, 0.84375], "texture": "#1"},
				"down": {"uv": [12.55, 0, 14.425, 0.84375], "rotation": 180, "texture": "#1"}
			}
		},
		{
			"name": "12",
			"from": [4.3125, -0.16106, 5.64332],
			"to": [5.6875, 1.21394, 6.48707],
			"rotation": {"angle": 45, "axis": "x", "origin": [5, 1.52644, 7.17457]},
			"faces": {
				"north": {"uv": [4, 0, 5.375, 1.375], "rotation": 180, "texture": "#1"},
				"east": {"uv": [10, 0, 11.375, 0.84375], "rotation": 90, "texture": "#1"},
				"south": {"uv": [4, 0, 5.375, 1.375], "texture": "#1"},
				"west": {"uv": [4.8, 0, 6.175, 0.84375], "rotation": 270, "texture": "#1"},
				"up": {"uv": [7, 0, 8.375, 0.84375], "texture": "#1"},
				"down": {"uv": [13, 0, 14.375, 0.84375], "rotation": 180, "texture": "#1"}
			}
		},
		{
			"name": "13",
			"from": [4.5625, 0.08894, 4.79957],
			"to": [5.4375, 0.96394, 5.64332],
			"rotation": {"angle": 45, "axis": "x", "origin": [5, 1.52644, 7.17457]},
			"faces": {
				"north": {"uv": [5, 0, 5.875, 0.875], "rotation": 180, "texture": "#1"},
				"east": {"uv": [11, 0, 11.875, 0.84375], "rotation": 90, "texture": "#1"},
				"south": {"uv": [5, 0, 5.875, 0.875], "texture": "#1"},
				"west": {"uv": [5, 0, 5.875, 0.84375], "rotation": 270, "texture": "#1"},
				"up": {"uv": [8, 0, 8.875, 0.84375], "texture": "#1"},
				"down": {"uv": [14, 0, 14.875, 0.84375], "rotation": 180, "texture": "#1"}
			}
		}
	],
	"groups": [
		{
			"name": "spiky",
			"origin": [8, 21, 8],
			"children": [0, 1, 2, 3, 4, 5, 6]
		},
		{
			"name": "spiral",
			"origin": [8, 8, 8],
			"children": [7, 8, 9, 10, 11, 12]
		}
	]
}