{
	"credit": "Made by McTsts with Blockbench",
	"textures": {
		"particle": "empty",
		"3": "block/anvil",
		"4": "block/bone_block_side",
		"5": "block/brown_mushroom_block"
	},
	"elements": [
		{
			"name": "Clam1",
			"from": [7.5, 2.85684, 2.0918],
			"to": [9.5, 3.35684, 5.5918],
			"rotation": {"angle": -22.5, "axis": "z", "origin": [3, 7.85684, 1.0918]},
			"faces": {
				"north": {"uv": [0, 0, 2, 0.5], "texture": "#3"},
				"east": {"uv": [0, 0, 3.5, 0.5], "texture": "#3"},
				"south": {"uv": [0, 0, 2, 0.5], "texture": "#3"},
				"west": {"uv": [0, 0, 3.5, 0.5], "texture": "#3"},
				"up": {"uv": [0, 0, 3.5, 2], "rotation": 90, "texture": "#3"},
				"down": {"uv": [0, 0, 3.5, 2], "rotation": 270, "texture": "#3"}
			}
		},
		{
			"name": "Clam2",
			"from": [5.0918, 0, 2.0918],
			"to": [7.0918, 0.75, 5.5918],
			"rotation": {"angle": 0, "axis": "y", "origin": [3.0918, 8, 1.0918]},
			"faces": {
				"north": {"uv": [0, 0, 2, 0.75], "texture": "#3"},
				"east": {"uv": [0, 0, 3.5, 0.75], "texture": "#3"},
				"south": {"uv": [0, 0, 2, 0.75], "texture": "#3"},
				"west": {"uv": [0, 0, 3.5, 0.75], "texture": "#3"},
				"up": {"uv": [0, 0, 3.5, 2], "rotation": 90, "texture": "#3"},
				"down": {"uv": [0, 0, 3.5, 2], "rotation": 270, "texture": "#3"}
			}
		},
		{
			"name": "brown mushroom",
			"from": [11, 0, 3],
			"to": [12, 1, 4],
			"faces": {
				"north": {"uv": [0, 0, 1, 1], "texture": "#5"},
				"east": {"uv": [0, 0, 1, 1], "texture": "#5"},
				"south": {"uv": [0, 0, 1, 1], "texture": "#5"},
				"west": {"uv": [0, 0, 1, 1], "texture": "#5"},
				"up": {"uv": [0, 0, 1, 1], "texture": "#5"},
				"down": {"uv": [0, 0, 1, 1], "texture": "#5"}
			}
		},
		{
			"name": "bone 2x2",
			"from": [4.79192, -0.03595, 12],
			"to": [6.79192, 0.96405, 14],
			"rotation": {"angle": -22.5, "axis": "x", "origin": [6.79192, 0.46405, 13]},
			"faces": {
				"north": {"uv": [3, 11, 5, 12], "texture": "#4"},
				"east": {"uv": [1, 9, 3, 10], "texture": "#4"},
				"south": {"uv": [2, 13, 4, 14], "texture": "#4"},
				"west": {"uv": [1, 9, 3, 10], "texture": "#4"},
				"up": {"uv": [2, 9, 4, 11], "texture": "#4"},
				"down": {"uv": [2, 10, 4, 12], "texture": "#4"}
			}
		},
		{
			"name": "bone 2x1",
			"from": [11.18611, 0, 6.96298],
			"to": [12.18611, 1, 8.96298],
			"rotation": {"angle": -22.5, "axis": "z", "origin": [11.68611, 0.5, 7.96298]},
			"faces": {
				"north": {"uv": [1, 0, 3, 1], "texture": "#4"},
				"east": {"uv": [2, 3, 4, 4], "texture": "#4"},
				"south": {"uv": [0, 0, 2, 1], "texture": "#4"},
				"west": {"uv": [3, 3, 5, 4], "texture": "#4"},
				"up": {"uv": [3, 3, 4, 5], "texture": "#4"},
				"down": {"uv": [3, 3, 4, 5], "texture": "#4"}
			}
		},
		{
			"name": "shroom 2x1",
			"from": [8.18611, 0, 8.96298],
			"to": [9.18611, 1, 10.96298],
			"rotation": {"angle": 0, "axis": "y", "origin": [8.68611, 0.5, 10.96298]},
			"faces": {
				"north": {"uv": [1, 0, 3, 1], "texture": "#5"},
				"east": {"uv": [5, 1, 7, 2], "texture": "#5"},
				"south": {"uv": [3, 14, 5, 15], "texture": "#5"},
				"west": {"uv": [6, 7, 8, 8], "texture": "#5"},
				"up": {"uv": [7, 8, 8, 10], "texture": "#5"},
				"down": {"uv": [4, 10, 5, 12], "texture": "#5"}
			}
		},
		{
			"name": "bone",
			"from": [13.59954, -0.06878, 12],
			"to": [14.59954, 0.93122, 13],
			"rotation": {"angle": 0, "axis": "z", "origin": [4.09954, 0.43122, 9.5]},
			"faces": {
				"north": {"uv": [0, 0, 1, 1], "texture": "#4"},
				"east": {"uv": [0, 0, 1, 1], "texture": "#4"},
				"south": {"uv": [0, 0, 1, 1], "texture": "#4"},
				"west": {"uv": [0, 0, 1, 1], "texture": "#4"},
				"up": {"uv": [0, 0, 1, 1], "texture": "#4"},
				"down": {"uv": [0, 0, 1, 1], "texture": "#4"}
			}
		}
	],
	"groups": [
		{
			"name": "openthing",
			"origin": [8, 8, 8],
			"children": [0, 1]
		},
		{
			"name": "small",
			"origin": [4.09954, 0.43122, 9.5],
			"children": [2, 3, 4, 5, 6]
		}
	]
}