{
	"textures": {
		"ench": "empty",
		"item": "empty"
	},
	"gui_light": "front",
	"elements": [
		{
			"from": [0, 0, 7],
			"to": [16, 16, 8],
			"faces": {
				"south": {"uv": [0, 0, 16, 16], "texture": "#item"},
				"north": {"uv": [0, 0, 16, 16], "texture": "#ench"}
			}
		},
		{
			"from": [0, 0, 8],
			"to": [16, 16, 9],
			"faces": {
				"south": {"uv": [0, 0, 16, 16], "texture": "#ench"},
				"north": {"uv": [0, 0, 16, 16], "texture": "#item"}
			}
		}
	],
	"display": {
		"ground": {
            "rotation": [ 0, 0, 0 ],
            "translation": [ 0, 2, 0],
            "scale":[ 0.5, 0.5, 0.5 ]
        },
		"thirdperson_righthand": {
			"scale": [0, 0, 0]
		},
		"thirdperson_lefthand": {
			"scale": [0, 0, 0]
		},
		"firstperson_righthand": {
			"scale": [0, 0, 0]
		},
		"firstperson_lefthand": {
			"scale": [0, 0, 0]
		}
	}
}