{
    "parent": "item/handheld", 
    "textures": {
        "layer0": "item/book"
    },
    "overrides": [
        { "predicate": { "custom_model_data": 1 }, "model": "item/et/all" },
        { "predicate": { "custom_model_data": 2 }, "model": "item/et/spine" },
        { "predicate": { "custom_model_data": 3 }, "model": "item/et/cover1" },
        { "predicate": { "custom_model_data": 4 }, "model": "item/et/cover2" },
        { "predicate": { "custom_model_data": 5 }, "model": "item/et/pages1" },
        { "predicate": { "custom_model_data": 6 }, "model": "item/et/pages2" },
        { "predicate": { "custom_model_data": 7 }, "model": "item/et/spine2" },
        { "predicate": { "custom_model_data": 8 }, "model": "item/et/page1" },
        { "predicate": { "custom_model_data": 9 }, "model": "item/et/page2" }
    ]
}