{
	"textures": {
		"0": "entity/chest/normal",
		"particle": "block/oak_planks"
	},
	"elements": [
		{
			"name": "bottom",
			"from": [1, 0, 1],
			"to": [15, 10, 15],
			"faces": {
				"north": {"uv": [3.5, 8.25, 7, 10.75], "rotation": 180, "texture": "#0"},
				"east": {"uv": [3.5, 8.25, 7, 10.75], "rotation": 180, "texture": "#0"},
				"south": {"uv": [10.5, 8.25, 14, 10.75], "rotation": 180, "texture": "#0"},
				"west": {"uv": [0, 8.25, 3.5, 10.75], "rotation": 180, "texture": "#0"},
				"down": {"uv": [3.5, 4.75, 7, 8.25], "rotation": 180, "texture": "#0"}
			}
		},
		{
			"name": "top",
			"from": [1, 10, 1],
			"to": [15, 14, 15],
			"faces": {
				"north": {"uv": [3.5, 3.75, 7, 4.75], "rotation": 180, "texture": "#0"},
				"east": {"uv": [0, 3.75, 3.5, 4.75], "rotation": 180, "texture": "#0"},
				"south": {"uv": [10.5, 3.75, 14, 4.75], "rotation": 180, "texture": "#0"},
				"west": {"uv": [7, 3.75, 10.5, 4.75], "rotation": 180, "texture": "#0"},
				"up": {"uv": [7, 0, 10.5, 3.5], "rotation": 180, "texture": "#0"}
			}
		},
		{
			"from": [7, 8, 15],
			"to": [9, 12, 16],
			"faces": {
				"north": {"uv": [0, 0.25, 0.5, 1.25], "texture": "#0"},
				"east": {"uv": [1.25, 0.25, 1.5, 1.25], "texture": "#0"},
				"south": {"uv": [1, 0.25, 1.5, 1.25], "rotation": 180, "texture": "#0"},
				"west": {"uv": [0.5, 0.25, 0.75, 1.25], "texture": "#0"},
				"up": {"uv": [0.25, 0, 0.75, 0.25], "texture": "#0"},
				"down": {"uv": [0.75, 0, 1.25, 0.25], "texture": "#0"}
			}
		}
	],
	"display": {
		"gui": {
			"rotation": [ 30, 45, 0 ],
			"translation": [ 0, 0, 0],
			"scale":[ 0.625, 0.625, 0.625 ]
		},
		"ground": {
			"rotation": [ 0, 0, 0 ],
			"translation": [ 0, 3, 0],
			"scale":[ 0.25, 0.25, 0.25 ]
		},
		"head": {
			"rotation": [ 0, 180, 0 ],
			"translation": [ 0, 0, 0],
			"scale":[ 1, 1, 1]
		},
		"fixed": {
			"rotation": [ 0, 180, 0 ],
			"translation": [ 0, 0, 0],
			"scale":[ 0.5, 0.5, 0.5 ]
		},
		"thirdperson_righthand": {
			"rotation": [ 75, 315, 0 ],
			"translation": [ 0, 2.5, 0],
			"scale": [ 0.375, 0.375, 0.375 ]
		},
		"firstperson_righthand": {
			"rotation": [ 0, 315, 0 ],
			"translation": [ 0, 0, 0],
			"scale": [ 0.4, 0.4, 0.4 ]
		}
	}
}