{
	"credit": "Made by McTsts with Blockbench",
	"textures": {
		"0": "ct2/1_front",
		"1": "ct2/1_side",
		"2": "ct2/1_top",
		"particle": "ct2/1_front"
	},
	"elements": [
		{
			"from": [0, 0, 0],
			"to": [16, 5, 16],
			"faces": {
				"north": {"uv": [0, 11, 16, 16], "texture": "#1"},
				"east": {"uv": [0, 11, 16, 16], "texture": "#0"},
				"south": {"uv": [0, 11, 16, 16], "texture": "#0"},
				"west": {"uv": [0, 11, 16, 16], "texture": "#1"},
				"up": {"uv": [0, 0, 16, 16], "texture": "#2"}
			}
		}
	]
}