{
	"credit": "Made by McTsts with Blockbench",
	"textures": {
		"0": "ct2/3_front",
		"1": "ct2/3_side",
		"2": "ct2/3_top",
		"particle": "ct2/3_front"
	},
	"elements": [
		{
			"from": [0, 0, 0],
			"to": [16, 13, 16],
			"faces": {
				"north": {"uv": [0, 3, 16, 16], "texture": "#1"},
				"east": {"uv": [0, 3, 16, 16], "texture": "#0"},
				"south": {"uv": [0, 3, 16, 16], "texture": "#0"},
				"west": {"uv": [0, 3, 16, 16], "texture": "#1"},
				"up": {"uv": [0, 0, 16, 16], "texture": "#2"}
			}
		}
	]
}