{
	"ambientocclusion": false,
	"textures": {
		"2": "block/xl_fern",
		"particle": "block/xl_fern"
	},
	"elements": [
		{
			"from": [0.8, 0, 8],
			"to": [15.2, 32, 8],
			"shade": false,
			"rotation": {"angle": 45, "axis": "y", "origin": [8, 8, 8], "rescale": true},
			"faces": {
				"north": {"uv": [0, 0, 8, 16], "texture": "#2"},
				"south": {"uv": [0, 0, 8, 16], "texture": "#2"}
			}
		},
		{
			"from": [8, 0, 0.8],
			"to": [8, 32, 15.2],
			"shade": false,
			"rotation": {"angle": 45, "axis": "y", "origin": [8, 8, 8], "rescale": true},
			"faces": {
				"east": {"uv": [0, 0, 8, 16], "texture": "#2"},
				"west": {"uv": [0, 0, 8, 16], "texture": "#2"}
			}
		},
		{
			"from": [0.8, -16, 8],
			"to": [15.2, 0, 8],
			"shade": false,
			"rotation": {"angle": 45, "axis": "y", "origin": [8, 8, 8], "rescale": true},
			"faces": {
				"north": {"uv": [8, 8, 16, 16], "texture": "#2"},
				"south": {"uv": [8, 8, 16, 16], "texture": "#2"}
			}
		},
		{
			"from": [8, -16, 0.8],
			"to": [8, 0, 15.2],
			"shade": false,
			"rotation": {"angle": 45, "axis": "y", "origin": [8, 8, 8], "rescale": true},
			"faces": {
				"east": {"uv": [8, 8, 16, 16], "texture": "#2"},
				"west": {"uv": [8, 8, 16, 16], "texture": "#2"}
			}
		}
	]
}