{
    "__comment": "Model generated using MrCrayfish's Model Creator (http://mrcrayfish.com/modelcreator/)",
    "textures": {
        "0": "block/spruce_planks",
		"particle": "block/spruce_planks"
    },
    "elements": [
        {
            "name": "a1",
            "from": [ 2.0, 0.0, 0.0 ], 
            "to": [ 4.0, 4.0, 1.0 ], 
            "faces": {
                "north": { "texture": "#0", "uv": [ 12.0, 7.0, 14.0, 11.0 ] },
                "east": { "texture": "#0", "uv": [ 5.0, 3.0, 6.0, 7.0 ] },
                "south": { "texture": "#0", "uv": [ 6.0, 3.0, 8.0, 7.0 ] },
                "west": { "texture": "#0", "uv": [ 4.0, 11.0, 5.0, 15.0 ] },
                "up": { "texture": "#0", "uv": [ 7.0, 3.0, 9.0, 4.0 ] },
                "down": { "texture": "#0", "uv": [ 6.0, 5.0, 8.0, 6.0 ] }
            }
        },
        {
            "name": "a2",
            "from": [ 2.0, 8.0, 0.0 ], 
            "to": [ 4.0, 11.0, 1.0 ], 
            "faces": {
                "north": { "texture": "#0", "uv": [ 9.0, 12.0, 11.0, 15.0 ] },
                "east": { "texture": "#0", "uv": [ 9.0, 4.0, 10.0, 7.0 ] },
                "south": { "texture": "#0", "uv": [ 2.0, 4.0, 4.0, 7.0 ] },
                "west": { "texture": "#0", "uv": [ 4.0, 4.0, 5.0, 7.0 ] },
                "up": { "texture": "#0", "uv": [ 4.0, 1.0, 6.0, 2.0 ] },
                "down": { "texture": "#0", "uv": [ 7.0, 4.0, 9.0, 5.0 ] }
            }
        },
        {
            "name": "a3",
            "from": [ 2.0, 12.0, 0.0 ], 
            "to": [ 4.0, 16.0, 1.0 ], 
            "faces": {
                "north": { "texture": "#0", "uv": [ 4.0, 3.0, 6.0, 7.0 ] },
                "east": { "texture": "#0", "uv": [ 13.0, 3.0, 14.0, 7.0 ] },
                "south": { "texture": "#0", "uv": [ 11.0, 11.0, 13.0, 15.0 ] },
                "west": { "texture": "#0", "uv": [ 6.0, 3.0, 7.0, 7.0 ] },
                "up": { "texture": "#0", "uv": [ 3.0, 3.0, 5.0, 4.0 ] },
                "down": { "texture": "#0", "uv": [ 5.0, 5.0, 7.0, 6.0 ] }
            }
        },
        {
            "name": "a4",
            "from": [ 2.0, 5.0, 0.0 ], 
            "to": [ 4.0, 7.0, 1.0 ], 
            "faces": {
                "north": { "texture": "#0", "uv": [ 8.0, 9.0, 10.0, 11.0 ] },
                "east": { "texture": "#0", "uv": [ 8.0, 5.0, 9.0, 7.0 ] },
                "south": { "texture": "#0", "uv": [ 7.0, 0.0, 9.0, 2.0 ] },
                "west": { "texture": "#0", "uv": [ 5.0, 4.0, 6.0, 6.0 ] },
                "up": { "texture": "#0", "uv": [ 8.0, 6.0, 10.0, 7.0 ] },
                "down": { "texture": "#0", "uv": [ 5.0, 5.0, 7.0, 6.0 ] }
            }
        },
        {
            "name": "a5",
            "from": [ 12.0, 4.0, 0.0 ], 
            "to": [ 14.0, 7.0, 1.0 ], 
            "faces": {
                "north": { "texture": "#0", "uv": [ 5.0, 12.0, 7.0, 15.0 ] },
                "east": { "texture": "#0", "uv": [ 8.0, 8.0, 9.0, 11.0 ] },
                "south": { "texture": "#0", "uv": [ 7.0, 0.0, 9.0, 3.0 ] },
                "west": { "texture": "#0", "uv": [ 5.0, 4.0, 6.0, 7.0 ] },
                "up": { "texture": "#0", "uv": [ 5.0, 1.0, 7.0, 2.0 ] },
                "down": { "texture": "#0", "uv": [ 5.0, 5.0, 7.0, 6.0 ] }
            }
        },
        {
            "name": "a6",
            "from": [ 12.0, 1.0, 0.0 ], 
            "to": [ 14.0, 3.0, 1.0 ], 
            "faces": {
                "north": { "texture": "#0", "uv": [ 4.0, 4.0, 6.0, 6.0 ] },
                "east": { "texture": "#0", "uv": [ 6.0, 9.0, 7.0, 11.0 ] },
                "south": { "texture": "#0", "uv": [ 8.0, 8.0, 10.0, 10.0 ] },
                "west": { "texture": "#0", "uv": [ 7.0, 1.0, 8.0, 3.0 ] },
                "up": { "texture": "#0", "uv": [ 3.0, 5.0, 5.0, 6.0 ] },
                "down": { "texture": "#0", "uv": [ 4.0, 5.0, 6.0, 6.0 ] }
            }
        },
        {
            "name": "a7",
            "from": [ 12.0, 9.0, 0.0 ], 
            "to": [ 14.0, 11.0, 1.0 ], 
            "faces": {
                "north": { "texture": "#0", "uv": [ 6.0, 8.0, 8.0, 10.0 ] },
                "east": { "texture": "#0", "uv": [ 4.0, 0.0, 5.0, 2.0 ] },
                "south": { "texture": "#0", "uv": [ 7.0, 9.0, 9.0, 11.0 ] },
                "west": { "texture": "#0", "uv": [ 5.0, 5.0, 6.0, 7.0 ] },
                "up": { "texture": "#0", "uv": [ 7.0, 4.0, 9.0, 5.0 ] },
                "down": { "texture": "#0", "uv": [ 3.0, 4.0, 5.0, 5.0 ] }
            }
        },
        {
            "name": "a8",
            "from": [ 12.0, 12.0, 0.0 ], 
            "to": [ 14.0, 15.0, 1.0 ], 
            "faces": {
                "north": { "texture": "#0", "uv": [ 2.0, 4.0, 4.0, 7.0 ] },
                "east": { "texture": "#0", "uv": [ 7.0, 8.0, 8.0, 11.0 ] },
                "south": { "texture": "#0", "uv": [ 8.0, 0.0, 10.0, 3.0 ] },
                "west": { "texture": "#0", "uv": [ 11.0, 0.0, 12.0, 3.0 ] },
                "up": { "texture": "#0", "uv": [ 11.0, 1.0, 13.0, 2.0 ] },
                "down": { "texture": "#0", "uv": [ 6.0, 6.0, 8.0, 7.0 ] }
            }
        },
        {
            "name": "b1",
            "from": [ 3.0, 4.0, 0.0 ], 
            "to": [ 4.0, 5.0, 1.0 ], 
            "faces": {
                "north": { "texture": "#0", "uv": [ 11.0, 2.0, 12.0, 3.0 ] },
                "east": { "texture": "#0", "uv": [ 3.0, 9.0, 4.0, 10.0 ] },
                "south": { "texture": "#0", "uv": [ 6.0, 2.0, 7.0, 3.0 ] },
                "west": { "texture": "#0", "uv": [ 9.0, 9.0, 10.0, 10.0 ] },
                "up": { "texture": "#0", "uv": [ 9.0, 9.0, 10.0, 10.0 ] },
                "down": { "texture": "#0", "uv": [ 5.0, 6.0, 6.0, 7.0 ] }
            }
        },
        {
            "name": "b2",
            "from": [ 3.0, 7.0, 0.0 ], 
            "to": [ 4.0, 8.0, 1.0 ], 
            "faces": {
                "north": { "texture": "#0", "uv": [ 12.0, 15.0, 13.0, 16.0 ] },
                "east": { "texture": "#0", "uv": [ 4.0, 7.0, 5.0, 8.0 ] },
                "south": { "texture": "#0", "uv": [ 4.0, 15.0, 5.0, 16.0 ] },
                "west": { "texture": "#0", "uv": [ 7.0, 3.0, 8.0, 4.0 ] },
                "up": { "texture": "#0", "uv": [ 9.0, 12.0, 10.0, 13.0 ] },
                "down": { "texture": "#0", "uv": [ 6.0, 3.0, 7.0, 4.0 ] }
            }
        },
        {
            "name": "b3",
            "from": [ 2.0, 11.0, 0.0 ], 
            "to": [ 3.0, 12.0, 1.0 ], 
            "faces": {
                "north": { "texture": "#0", "uv": [ 5.0, 15.0, 6.0, 16.0 ] },
                "east": { "texture": "#0", "uv": [ 4.0, 3.0, 5.0, 4.0 ] },
                "south": { "texture": "#0", "uv": [ 11.0, 15.0, 12.0, 16.0 ] },
                "west": { "texture": "#0", "uv": [ 11.0, 3.0, 12.0, 4.0 ] },
                "up": { "texture": "#0", "uv": [ 12.0, 7.0, 13.0, 8.0 ] },
                "down": { "texture": "#0", "uv": [ 1.0, 7.0, 2.0, 8.0 ] }
            }
        },
        {
            "name": "b4",
            "from": [ 12.0, 11.0, 0.0 ], 
            "to": [ 13.0, 12.0, 1.0 ], 
            "faces": {
                "north": { "texture": "#0", "uv": [ 4.0, 3.0, 5.0, 4.0 ] },
                "east": { "texture": "#0", "uv": [ 7.0, 7.0, 8.0, 8.0 ] },
                "south": { "texture": "#0", "uv": [ 9.0, 12.0, 10.0, 13.0 ] },
                "west": { "texture": "#0", "uv": [ 9.0, 15.0, 10.0, 16.0 ] },
                "up": { "texture": "#0", "uv": [ 12.0, 3.0, 13.0, 4.0 ] },
                "down": { "texture": "#0", "uv": [ 11.0, 7.0, 12.0, 8.0 ] }
            }
        },
        {
            "name": "b5",
            "from": [ 12.0, 7.0, 0.0 ], 
            "to": [ 13.0, 9.0, 1.0 ], 
            "faces": {
                "north": { "texture": "#0", "uv": [ 3.0, 10.0, 4.0, 12.0 ] },
                "east": { "texture": "#0", "uv": [ 11.0, 6.0, 12.0, 8.0 ] },
                "south": { "texture": "#0", "uv": [ 10.0, 14.0, 11.0, 16.0 ] },
                "west": { "texture": "#0", "uv": [ 4.0, 2.0, 5.0, 4.0 ] },
                "up": { "texture": "#0", "uv": [ 4.0, 1.0, 5.0, 2.0 ] },
                "down": { "texture": "#0", "uv": [ 13.0, 7.0, 14.0, 8.0 ] }
            }
        },
        {
            "name": "b6",
            "from": [ 13.0, 3.0, 0.0 ], 
            "to": [ 14.0, 4.0, 1.0 ], 
            "faces": {
                "north": { "texture": "#0", "uv": [ 2.0, 3.0, 3.0, 4.0 ] },
                "east": { "texture": "#0", "uv": [ 7.0, 7.0, 8.0, 8.0 ] },
                "south": { "texture": "#0", "uv": [ 9.0, 12.0, 10.0, 13.0 ] },
                "west": { "texture": "#0", "uv": [ 4.0, 15.0, 5.0, 16.0 ] },
                "up": { "texture": "#0", "uv": [ 5.0, 3.0, 6.0, 4.0 ] },
                "down": { "texture": "#0", "uv": [ 10.0, 7.0, 11.0, 8.0 ] }
            }
        },
        {
            "name": "b7",
            "from": [ 12.0, 0.0, 0.0 ], 
            "to": [ 13.0, 1.0, 1.0 ], 
            "faces": {
                "north": { "texture": "#0", "uv": [ 5.0, 9.0, 6.0, 10.0 ] },
                "east": { "texture": "#0", "uv": [ 6.0, 2.0, 7.0, 3.0 ] },
                "south": { "texture": "#0", "uv": [ 0.0, 1.0, 1.0, 2.0 ] },
                "west": { "texture": "#0", "uv": [ 7.0, 5.0, 8.0, 6.0 ] },
                "up": { "texture": "#0", "uv": [ 3.0, 10.0, 4.0, 11.0 ] },
                "down": { "texture": "#0", "uv": [ 6.0, 2.0, 7.0, 3.0 ] }
            }
        },
        {
            "name": "b8",
            "from": [ 12.0, 15.0, 0.0 ], 
            "to": [ 13.0, 16.0, 1.0 ], 
            "faces": {
                "north": { "texture": "#0", "uv": [ 12.0, 3.0, 13.0, 4.0 ] },
                "east": { "texture": "#0", "uv": [ 2.0, 3.0, 3.0, 4.0 ] },
                "south": { "texture": "#0", "uv": [ 9.0, 12.0, 10.0, 13.0 ] },
                "west": { "texture": "#0", "uv": [ 12.0, 15.0, 13.0, 16.0 ] },
                "up": { "texture": "#0", "uv": [ 6.0, 3.0, 7.0, 4.0 ] },
                "down": { "texture": "#0", "uv": [ 12.0, 7.0, 13.0, 8.0 ] }
            }
        },
        {
            "name": "c1",
            "from": [ 1.0, 1.0, 1.0 ], 
            "to": [ 5.0, 3.0, 2.0 ], 
            "faces": {
                "north": { "texture": "#0", "uv": [ 8.0, 2.0, 12.0, 4.0 ] },
                "east": { "texture": "#0", "uv": [ 5.0, 2.0, 6.0, 4.0 ] },
                "south": { "texture": "#0", "uv": [ 9.0, 2.0, 13.0, 4.0 ] },
                "west": { "texture": "#0", "uv": [ 7.0, 2.0, 8.0, 4.0 ] },
                "up": { "texture": "#0", "uv": [ 12.0, 4.0, 16.0, 5.0 ] },
                "down": { "texture": "#0", "uv": [ 10.0, 15.0, 14.0, 16.0 ] }
            }
        },
        {
            "name": "c2",
            "from": [ 5.0, 2.0, 1.0 ], 
            "to": [ 10.0, 3.0, 2.0 ], 
            "faces": {
                "north": { "texture": "#0", "uv": [ 0.0, 0.0, 5.0, 1.0 ] },
                "east": { "texture": "#0", "uv": [ 0.0, 0.0, 1.0, 1.0 ] },
                "south": { "texture": "#0", "uv": [ 0.0, 0.0, 5.0, 1.0 ] },
                "west": { "texture": "#0", "uv": [ 0.0, 0.0, 1.0, 1.0 ] },
                "up": { "texture": "#0", "uv": [ 0.0, 0.0, 5.0, 1.0 ] },
                "down": { "texture": "#0", "uv": [ 0.0, 0.0, 5.0, 1.0 ] }
            }
        },
        {
            "name": "c3",
            "from": [ 10.0, 1.0, 1.0 ], 
            "to": [ 15.0, 3.0, 2.0 ], 
            "faces": {
                "north": { "texture": "#0", "uv": [ 8.0, 14.0, 13.0, 16.0 ] },
                "east": { "texture": "#0", "uv": [ 8.0, 2.0, 9.0, 4.0 ] },
                "south": { "texture": "#0", "uv": [ 1.0, 2.0, 6.0, 4.0 ] },
                "west": { "texture": "#0", "uv": [ 10.0, 6.0, 11.0, 8.0 ] },
                "up": { "texture": "#0", "uv": [ 5.0, 4.0, 10.0, 5.0 ] },
                "down": { "texture": "#0", "uv": [ 9.0, 11.0, 14.0, 12.0 ] }
            }
        },
        {
            "name": "c4",
            "from": [ 1.0, 5.0, 1.0 ], 
            "to": [ 2.0, 7.0, 2.0 ], 
            "faces": {
                "north": { "texture": "#0", "uv": [ 5.0, 2.0, 6.0, 4.0 ] },
                "east": { "texture": "#0", "uv": [ 13.0, 10.0, 14.0, 12.0 ] },
                "south": { "texture": "#0", "uv": [ 1.0, 2.0, 2.0, 4.0 ] },
                "west": { "texture": "#0", "uv": [ 0.0, 0.0, 1.0, 2.0 ] },
                "up": { "texture": "#0", "uv": [ 5.0, 2.0, 6.0, 3.0 ] },
                "down": { "texture": "#0", "uv": [ 2.0, 3.0, 3.0, 4.0 ] }
            }
        },
        {
            "name": "c5",
            "from": [ 2.0, 5.0, 1.0 ], 
            "to": [ 6.0, 6.0, 2.0 ], 
            "faces": {
                "north": { "texture": "#0", "uv": [ 11.0, 11.0, 15.0, 12.0 ] },
                "east": { "texture": "#0", "uv": [ 14.0, 15.0, 15.0, 16.0 ] },
                "south": { "texture": "#0", "uv": [ 7.0, 3.0, 11.0, 4.0 ] },
                "west": { "texture": "#0", "uv": [ 3.0, 3.0, 4.0, 4.0 ] },
                "up": { "texture": "#0", "uv": [ 9.0, 3.0, 13.0, 4.0 ] },
                "down": { "texture": "#0", "uv": [ 9.0, 15.0, 13.0, 16.0 ] }
            }
        },
        {
            "name": "c6",
            "from": [ 5.0, 6.0, 1.0 ], 
            "to": [ 7.0, 7.0, 2.0 ], 
            "faces": {
                "north": { "texture": "#0", "uv": [ 0.0, 0.0, 2.0, 1.0 ] },
                "east": { "texture": "#0", "uv": [ 0.0, 0.0, 1.0, 1.0 ] },
                "south": { "texture": "#0", "uv": [ 0.0, 0.0, 2.0, 1.0 ] },
                "west": { "texture": "#0", "uv": [ 0.0, 0.0, 1.0, 1.0 ] },
                "up": { "texture": "#0", "uv": [ 0.0, 0.0, 2.0, 1.0 ] },
                "down": { "texture": "#0", "uv": [ 0.0, 0.0, 2.0, 1.0 ] }
            }
        },
        {
            "name": "c7",
            "from": [ 7.0, 5.0, 1.0 ], 
            "to": [ 11.0, 7.0, 2.0 ], 
            "faces": {
                "north": { "texture": "#0", "uv": [ 9.0, 2.0, 13.0, 4.0 ] },
                "east": { "texture": "#0", "uv": [ 12.0, 6.0, 13.0, 8.0 ] },
                "south": { "texture": "#0", "uv": [ 5.0, 2.0, 9.0, 4.0 ] },
                "west": { "texture": "#0", "uv": [ 14.0, 10.0, 15.0, 12.0 ] },
                "up": { "texture": "#0", "uv": [ 3.0, 2.0, 7.0, 3.0 ] },
                "down": { "texture": "#0", "uv": [ 3.0, 7.0, 7.0, 8.0 ] }
            }
        },
        {
            "name": "c8",
            "from": [ 11.0, 6.0, 1.0 ], 
            "to": [ 12.0, 7.0, 2.0 ], 
            "faces": {
                "north": { "texture": "#0", "uv": [ 0.0, 0.0, 1.0, 1.0 ] },
                "east": { "texture": "#0", "uv": [ 0.0, 0.0, 1.0, 1.0 ] },
                "south": { "texture": "#0", "uv": [ 0.0, 0.0, 1.0, 1.0 ] },
                "west": { "texture": "#0", "uv": [ 0.0, 0.0, 1.0, 1.0 ] },
                "up": { "texture": "#0", "uv": [ 0.0, 0.0, 1.0, 1.0 ] },
                "down": { "texture": "#0", "uv": [ 0.0, 0.0, 1.0, 1.0 ] }
            }
        },
        {
            "name": "c9",
            "from": [ 12.0, 5.0, 1.0 ], 
            "to": [ 15.0, 7.0, 2.0 ], 
            "faces": {
                "north": { "texture": "#0", "uv": [ 5.0, 2.0, 8.0, 4.0 ] },
                "east": { "texture": "#0", "uv": [ 13.0, 10.0, 14.0, 12.0 ] },
                "south": { "texture": "#0", "uv": [ 9.0, 10.0, 12.0, 12.0 ] },
                "west": { "texture": "#0", "uv": [ 6.0, 10.0, 7.0, 12.0 ] },
                "up": { "texture": "#0", "uv": [ 4.0, 2.0, 7.0, 3.0 ] },
                "down": { "texture": "#0", "uv": [ 9.0, 7.0, 12.0, 8.0 ] }
            }
        },
        {
            "name": "c10",
            "from": [ 1.0, 9.0, 1.0 ], 
            "to": [ 8.0, 11.0, 2.0 ], 
            "faces": {
                "north": { "texture": "#0", "uv": [ 9.0, 14.0, 16.0, 16.0 ] },
                "east": { "texture": "#0", "uv": [ 4.0, 2.0, 5.0, 4.0 ] },
                "south": { "texture": "#0", "uv": [ 8.0, 2.0, 15.0, 4.0 ] },
                "west": { "texture": "#0", "uv": [ 8.0, 6.0, 9.0, 8.0 ] },
                "up": { "texture": "#0", "uv": [ 2.0, 1.0, 9.0, 2.0 ] },
                "down": { "texture": "#0", "uv": [ 9.0, 15.0, 16.0, 16.0 ] }
            }
        },
        {
            "name": "c11",
            "from": [ 8.0, 10.0, 1.0 ], 
            "to": [ 9.0, 11.0, 2.0 ], 
            "faces": {
                "north": { "texture": "#0", "uv": [ 0.0, 0.0, 1.0, 1.0 ] },
                "east": { "texture": "#0", "uv": [ 0.0, 0.0, 1.0, 1.0 ] },
                "south": { "texture": "#0", "uv": [ 0.0, 0.0, 1.0, 1.0 ] },
                "west": { "texture": "#0", "uv": [ 0.0, 0.0, 1.0, 1.0 ] },
                "up": { "texture": "#0", "uv": [ 0.0, 0.0, 1.0, 1.0 ] },
                "down": { "texture": "#0", "uv": [ 0.0, 0.0, 1.0, 1.0 ] }
            }
        },
        {
            "name": "c12",
            "from": [ 9.0, 9.0, 1.0 ], 
            "to": [ 14.0, 11.0, 2.0 ], 
            "faces": {
                "north": { "texture": "#0", "uv": [ 5.0, 2.0, 10.0, 4.0 ] },
                "east": { "texture": "#0", "uv": [ 11.0, 14.0, 12.0, 16.0 ] },
                "south": { "texture": "#0", "uv": [ 9.0, 14.0, 14.0, 16.0 ] },
                "west": { "texture": "#0", "uv": [ 3.0, 2.0, 4.0, 4.0 ] },
                "up": { "texture": "#0", "uv": [ 8.0, 1.0, 13.0, 2.0 ] },
                "down": { "texture": "#0", "uv": [ 4.0, 3.0, 9.0, 4.0 ] }
            }
        },
        {
            "name": "c13",
            "from": [ 14.0, 9.0, 1.0 ], 
            "to": [ 15.0, 10.0, 2.0 ], 
            "faces": {
                "north": { "texture": "#0", "uv": [ 9.0, 7.0, 10.0, 8.0 ] },
                "east": { "texture": "#0", "uv": [ 10.0, 15.0, 11.0, 16.0 ] },
                "south": { "texture": "#0", "uv": [ 4.0, 3.0, 5.0, 4.0 ] },
                "west": { "texture": "#0", "uv": [ 11.0, 4.0, 12.0, 5.0 ] },
                "up": { "texture": "#0", "uv": [ 9.0, 11.0, 10.0, 12.0 ] },
                "down": { "texture": "#0", "uv": [ 11.0, 15.0, 12.0, 16.0 ] }
            }
        },
        {
            "name": "c14",
            "from": [ 2.0, 13.0, 1.0 ], 
            "to": [ 14.0, 15.0, 2.0 ], 
            "faces": {
                "north": { "texture": "#0", "uv": [ 4.0, 2.0, 16.0, 4.0 ] },
                "east": { "texture": "#0", "uv": [ 3.0, 2.0, 4.0, 4.0 ] },
                "south": { "texture": "#0", "uv": [ 4.0, 14.0, 16.0, 16.0 ] },
                "west": { "texture": "#0", "uv": [ 11.0, 10.0, 12.0, 12.0 ] },
                "up": { "texture": "#0", "uv": [ 3.0, 5.0, 15.0, 6.0 ] },
                "down": { "texture": "#0", "uv": [ 3.0, 3.0, 15.0, 4.0 ] }
            }
        },
        {
            "name": "c15",
            "from": [ 14.0, 14.0, 1.0 ], 
            "to": [ 15.0, 15.0, 2.0 ], 
            "faces": {
                "north": { "texture": "#0", "uv": [ 0.0, 0.0, 1.0, 1.0 ] },
                "east": { "texture": "#0", "uv": [ 0.0, 0.0, 1.0, 1.0 ] },
                "south": { "texture": "#0", "uv": [ 0.0, 0.0, 1.0, 1.0 ] },
                "west": { "texture": "#0", "uv": [ 0.0, 0.0, 1.0, 1.0 ] },
                "up": { "texture": "#0", "uv": [ 0.0, 0.0, 1.0, 1.0 ] },
                "down": { "texture": "#0", "uv": [ 0.0, 0.0, 1.0, 1.0 ] }
            }
        },
        {
            "name": "c16",
            "from": [ 1.0, 13.0, 1.0 ], 
            "to": [ 2.0, 14.0, 2.0 ], 
            "faces": {
                "north": { "texture": "#0", "uv": [ 14.0, 3.0, 15.0, 4.0 ] },
                "east": { "texture": "#0", "uv": [ 8.0, 7.0, 9.0, 8.0 ] },
                "south": { "texture": "#0", "uv": [ 9.0, 15.0, 10.0, 16.0 ] },
                "west": { "texture": "#0", "uv": [ 4.0, 3.0, 5.0, 4.0 ] },
                "up": { "texture": "#0", "uv": [ 9.0, 3.0, 10.0, 4.0 ] },
                "down": { "texture": "#0", "uv": [ 7.0, 7.0, 8.0, 8.0 ] }
            }
        }
    ]
}