{
    "__comment": "Model generated using MrCrayfish's Model Creator (http://mrcrayfish.com/modelcreator/)",
    "textures": {
        "0": "block/spruce_planks",
		"particle": "block/spruce_planks"
    },
    "elements": [
        {
            "name": "a1",
            "from": [ 2.0, 0.0, 0.0 ], 
            "to": [ 4.0, 16.0, 1.0 ], 
            "faces": {
                "north": { "texture": "#0", "uv": [ 6.0, 0.0, 8.0, 16.0 ] },
                "east": { "texture": "#0", "uv": [ 5.0, 0.0, 6.0, 16.0 ] },
                "south": { "texture": "#0", "uv": [ 5.0, 0.0, 7.0, 16.0 ] },
                "west": { "texture": "#0", "uv": [ 12.0, 0.0, 13.0, 16.0 ] },
                "up": { "texture": "#0", "uv": [ 5.0, 0.0, 7.0, 1.0 ] },
                "down": { "texture": "#0", "uv": [ 2.0, 2.0, 4.0, 3.0 ] }
            }
        },
        {
            "name": "a2",
            "from": [ 12.0, 0.0, 0.0 ], 
            "to": [ 14.0, 16.0, 1.0 ], 
            "faces": {
                "north": { "texture": "#0", "uv": [ 7.0, 0.0, 9.0, 16.0 ] },
                "east": { "texture": "#0", "uv": [ 2.0, 0.0, 3.0, 16.0 ] },
                "south": { "texture": "#0", "uv": [ 14.0, 0.0, 16.0, 16.0 ] },
                "west": { "texture": "#0", "uv": [ 3.0, 0.0, 4.0, 16.0 ] },
                "up": { "texture": "#0", "uv": [ 12.0, 12.0, 14.0, 13.0 ] },
                "down": { "texture": "#0", "uv": [ 3.0, 2.0, 5.0, 3.0 ] }
            }
        },
        {
            "name": "b1",
            "from": [ 1.0, 1.0, 1.0 ], 
            "to": [ 15.0, 3.0, 2.0 ], 
            "faces": {
                "north": { "texture": "#0", "uv": [ 0.0, 3.0, 14.0, 5.0 ] },
                "east": { "texture": "#0", "uv": [ 6.0, 3.0, 7.0, 5.0 ] },
                "south": { "texture": "#0", "uv": [ 0.0, 3.0, 14.0, 5.0 ] },
                "west": { "texture": "#0", "uv": [ 7.0, 3.0, 8.0, 5.0 ] },
                "up": { "texture": "#0", "uv": [ 0.0, 2.0, 14.0, 3.0 ] },
                "down": { "texture": "#0", "uv": [ 0.0, 0.0, 14.0, 1.0 ] }
            }
        },
        {
            "name": "b2",
            "from": [ 1.0, 5.0, 1.0 ], 
            "to": [ 15.0, 7.0, 2.0 ], 
            "faces": {
                "north": { "texture": "#0", "uv": [ 2.0, 3.0, 16.0, 5.0 ] },
                "east": { "texture": "#0", "uv": [ 13.0, 7.0, 14.0, 9.0 ] },
                "south": { "texture": "#0", "uv": [ 2.0, 7.0, 16.0, 9.0 ] },
                "west": { "texture": "#0", "uv": [ 4.0, 3.0, 5.0, 5.0 ] },
                "up": { "texture": "#0", "uv": [ 0.0, 1.0, 14.0, 2.0 ] },
                "down": { "texture": "#0", "uv": [ 2.0, 12.0, 16.0, 13.0 ] }
            }
        },
        {
            "name": "b3",
            "from": [ 1.0, 9.0, 1.0 ], 
            "to": [ 15.0, 11.0, 2.0 ], 
            "faces": {
                "north": { "texture": "#0", "uv": [ 2.0, 11.0, 16.0, 13.0 ] },
                "east": { "texture": "#0", "uv": [ 2.0, 3.0, 3.0, 5.0 ] },
                "south": { "texture": "#0", "uv": [ 0.0, 11.0, 14.0, 13.0 ] },
                "west": { "texture": "#0", "uv": [ 5.0, 11.0, 6.0, 13.0 ] },
                "up": { "texture": "#0", "uv": [ 0.0, 10.0, 14.0, 11.0 ] },
                "down": { "texture": "#0", "uv": [ 2.0, 4.0, 16.0, 5.0 ] }
            }
        },
        {
            "name": "b4",
            "from": [ 1.0, 13.0, 1.0 ], 
            "to": [ 15.0, 15.0, 2.0 ], 
            "faces": {
                "north": { "texture": "#0", "uv": [ 0.0, 7.0, 14.0, 9.0 ] },
                "east": { "texture": "#0", "uv": [ 5.0, 11.0, 6.0, 13.0 ] },
                "south": { "texture": "#0", "uv": [ 0.0, 7.0, 14.0, 9.0 ] },
                "west": { "texture": "#0", "uv": [ 8.0, 7.0, 9.0, 9.0 ] },
                "up": { "texture": "#0", "uv": [ 0.0, 14.0, 14.0, 15.0 ] },
                "down": { "texture": "#0", "uv": [ 0.0, 0.0, 14.0, 1.0 ] }
            }
        }
    ]
}