{
	"credit": "Made by McTsts with Blockbench",
	"parent": "item/raft/size",
	"textures": {
		"0": "entity/chest/normal",
		"particle": "entity/chest/normal"
	},
	"elements": [
		{
			"name": "ChestTop",
			"from": [1, 0, 1],
			"to": [15, 5, 15],
			"rotation": {"angle": 0, "axis": "y", "origin": [9.2, 0.5, 31.57143]},
			"faces": {
				"north": {"uv": [10.5, 3.5, 14, 4.75], "rotation": 180, "texture": "#0"},
				"east": {"uv": [7, 3.5, 10.5, 4.75], "rotation": 180, "texture": "#0"},
				"south": {"uv": [3.5, 3.5, 7, 4.75], "rotation": 180, "texture": "#0"},
				"west": {"uv": [0, 3.5, 3.5, 4.75], "rotation": 180, "texture": "#0"},
				"up": {"uv": [7, 0, 10.5, 3.5], "rotation": 180, "texture": "#0"},
				"down": {"uv": [3.5, 0, 7, 3.5], "rotation": 180, "texture": "#0"}
			}
		},
		{
			"name": "ChestLock",
			"from": [7, 0, 0],
			"to": [9, 4, 1],
			"rotation": {"angle": 0, "axis": "y", "origin": [9.1, 24, 29.57143]},
			"faces": {
				"north": {"uv": [0.25, 0.25, 0.75, 1.25], "rotation": 180, "texture": "#0"},
				"east": {"uv": [0, 0.25, 0.25, 1.25], "rotation": 180, "texture": "#0"},
				"south": {"uv": [0.25, 0.25, 0.75, 1.25], "rotation": 180, "texture": "#0"},
				"west": {"uv": [0, 0.25, 0.25, 1.25], "rotation": 180, "texture": "#0"},
				"up": {"uv": [0.25, 0, 0.75, 0.25], "rotation": 180, "texture": "#0"},
				"down": {"uv": [0.25, 0, 0.75, 0.25], "rotation": 180, "texture": "#0"}
			}
		}
	]
}