{
    "variants": {
        "face=wall,facing=east,powered=false": { "model": "empty" },
        "face=wall,facing=west,powered=false": { "model": "empty" },
        "face=wall,facing=south,powered=false": { "model": "empty" },
        "face=wall,facing=north,powered=false": { "model": "empty" },
        "face=floor,facing=east,powered=false":  { "model": "empty" },
        "face=floor,facing=west,powered=false":  { "model": "empty" },
        "face=floor,facing=south,powered=false": { "model": "empty" },
        "face=floor,facing=north,powered=false": { "model": "empty" },
        "face=ceiling,facing=east,powered=false":  { "model": "empty" },
        "face=ceiling,facing=west,powered=false":  { "model": "empty" },
        "face=ceiling,facing=south,powered=false": { "model": "empty" },
        "face=ceiling,facing=north,powered=false": { "model": "empty" },
        "face=wall,facing=east,powered=true": [
			{ "model": "block/custom/shroom/1", "y": 0 },
			{ "model": "block/custom/shroom/2", "y": 0 },
			{ "model": "block/custom/shroom/3", "y": 0 },
			{ "model": "block/custom/shroom/4", "y": 0 },
			{ "model": "block/custom/shroom/5", "y": 0 },
			{ "model": "block/custom/shroom/6", "y": 0 },
			{ "model": "block/custom/shroom/7", "y": 0 },
			{ "model": "block/custom/shroom/8", "y": 0 },
			{ "model": "block/custom/shroom/9", "y": 0 },
			{ "model": "block/custom/shroom/10", "y": 0 },
			{ "model": "block/custom/shroom/11", "y": 0 },
			{ "model": "block/custom/shroom/12", "y": 0 },
			{ "model": "block/custom/shroom/13", "y": 0 },
			{ "model": "block/custom/shroom/14", "y": 0 },
			{ "model": "block/custom/shroom/15", "y": 0 }
			],
        "face=wall,facing=west,powered=true": [
			{ "model": "block/custom/shroom/1", "y": 90 },
			{ "model": "block/custom/shroom/2", "y": 90 },
			{ "model": "block/custom/shroom/3", "y": 90 },
			{ "model": "block/custom/shroom/4", "y": 90 },
			{ "model": "block/custom/shroom/5", "y": 90 },
			{ "model": "block/custom/shroom/6", "y": 90 },
			{ "model": "block/custom/shroom/7", "y": 90 },
			{ "model": "block/custom/shroom/8", "y": 90 },
			{ "model": "block/custom/shroom/9", "y": 90 },
			{ "model": "block/custom/shroom/10", "y": 90 },
			{ "model": "block/custom/shroom/11", "y": 90 },
			{ "model": "block/custom/shroom/12", "y": 90 },
			{ "model": "block/custom/shroom/13", "y": 90 },
			{ "model": "block/custom/shroom/14", "y": 90 },
			{ "model": "block/custom/shroom/15", "y": 90 }
			],
        "face=wall,facing=south,powered=true": [
			{ "model": "block/custom/shroom/1", "y": 180 },
			{ "model": "block/custom/shroom/2", "y": 180 },
			{ "model": "block/custom/shroom/3", "y": 180 },
			{ "model": "block/custom/shroom/4", "y": 180 },
			{ "model": "block/custom/shroom/5", "y": 180 },
			{ "model": "block/custom/shroom/6", "y": 180 },
			{ "model": "block/custom/shroom/7", "y": 180 },
			{ "model": "block/custom/shroom/8", "y": 180 },
			{ "model": "block/custom/shroom/9", "y": 180 },
			{ "model": "block/custom/shroom/10", "y": 180 },
			{ "model": "block/custom/shroom/11", "y": 180 },
			{ "model": "block/custom/shroom/12", "y": 180 },
			{ "model": "block/custom/shroom/13", "y": 180 },
			{ "model": "block/custom/shroom/14", "y": 180 },
			{ "model": "block/custom/shroom/15", "y": 180 }
			],
        "face=wall,facing=north,powered=true": [
			{ "model": "block/custom/shroom/1", "y": 270 },
			{ "model": "block/custom/shroom/2", "y": 270 },
			{ "model": "block/custom/shroom/3", "y": 270 },
			{ "model": "block/custom/shroom/4", "y": 270 },
			{ "model": "block/custom/shroom/5", "y": 270 },
			{ "model": "block/custom/shroom/6", "y": 270 },
			{ "model": "block/custom/shroom/7", "y": 270 },
			{ "model": "block/custom/shroom/8", "y": 270 },
			{ "model": "block/custom/shroom/9", "y": 270 },
			{ "model": "block/custom/shroom/10", "y": 270 },
			{ "model": "block/custom/shroom/11", "y": 270 },
			{ "model": "block/custom/shroom/12", "y": 270 },
			{ "model": "block/custom/shroom/13", "y": 270 },
			{ "model": "block/custom/shroom/14", "y": 270 },
			{ "model": "block/custom/shroom/15", "y": 270 }
			],
        "face=floor,facing=east,powered=true": [
			{ "model": "block/custom/shell/1", "y": 0 },
			{ "model": "block/custom/shell/2", "y": 0 },
			{ "model": "block/custom/shell/3", "y": 0 },
			{ "model": "block/custom/shell/4", "y": 0 },
			{ "model": "block/custom/shell/5", "y": 0 },
			{ "model": "block/custom/shell/6", "y": 0 },
			{ "model": "block/custom/shell/7", "y": 0 },
			{ "model": "block/custom/shell/8", "y": 0 },
			{ "model": "block/custom/shell/9", "y": 0 },
			{ "model": "block/custom/shell/10", "y": 0 },
			{ "model": "block/custom/shell/11", "y": 0 },
			{ "model": "block/custom/shell/12", "y": 0 },
			{ "model": "block/custom/shell/13", "y": 0 },
			{ "model": "block/custom/shell/14", "y": 0 },
			{ "model": "block/custom/shell/15", "y": 0 },
			{ "model": "block/custom/shell/16", "y": 0 },
			{ "model": "block/custom/shell/17", "y": 0 },
			{ "model": "block/custom/shell/18", "y": 0 },
			{ "model": "block/custom/shell/19", "y": 0 },
			{ "model": "block/custom/shell/20", "y": 0 },
			{ "model": "block/custom/shell/21", "y": 0 },
			{ "model": "block/custom/shell/22", "y": 0 },
			{ "model": "block/custom/shell/23", "y": 0 },
			{ "model": "block/custom/shell/24", "y": 0 },
			{ "model": "block/custom/shell/25", "y": 0 },
			{ "model": "block/custom/shell/26", "y": 0 },
			{ "model": "block/custom/shell/27", "y": 0 },
			{ "model": "block/custom/shell/28", "y": 0 },
			{ "model": "block/custom/shell/29", "y": 0 },
			{ "model": "block/custom/shell/30", "y": 0 },
			{ "model": "block/custom/shell/31", "y": 0 },
			{ "model": "block/custom/shell/32", "y": 0 },
			{ "model": "block/custom/shell/33", "y": 0 },
			{ "model": "block/custom/shell/34", "y": 0 },
			{ "model": "block/custom/shell/35", "y": 0 },
			{ "model": "block/custom/shell/36", "y": 0 },
			{ "model": "block/custom/shell/38", "y": 0 },
			{ "model": "block/custom/shell/39", "y": 0 },
			{ "model": "block/custom/shell/40", "y": 0 },
			{ "model": "block/custom/shell/41", "y": 0 },
			{ "model": "block/custom/shell/42", "y": 0 },
			{ "model": "block/custom/shell/43", "y": 0 },
			{ "model": "block/custom/shell/44", "y": 0 },
			{ "model": "block/custom/shell/45", "y": 0 },
			{ "model": "block/custom/shell/1", "y": 90 },
			{ "model": "block/custom/shell/2", "y": 90 },
			{ "model": "block/custom/shell/3", "y": 90 },
			{ "model": "block/custom/shell/4", "y": 90 },
			{ "model": "block/custom/shell/5", "y": 90 },
			{ "model": "block/custom/shell/6", "y": 90 },
			{ "model": "block/custom/shell/7", "y": 90 },
			{ "model": "block/custom/shell/8", "y": 90 },
			{ "model": "block/custom/shell/9", "y": 90 },
			{ "model": "block/custom/shell/10", "y": 90 },
			{ "model": "block/custom/shell/11", "y": 90 },
			{ "model": "block/custom/shell/12", "y": 90 },
			{ "model": "block/custom/shell/13", "y": 90 },
			{ "model": "block/custom/shell/14", "y": 90 },
			{ "model": "block/custom/shell/15", "y": 90 },
			{ "model": "block/custom/shell/16", "y": 90 },
			{ "model": "block/custom/shell/17", "y": 90 },
			{ "model": "block/custom/shell/18", "y": 90 },
			{ "model": "block/custom/shell/19", "y": 90 },
			{ "model": "block/custom/shell/20", "y": 90 },
			{ "model": "block/custom/shell/21", "y": 90 },
			{ "model": "block/custom/shell/22", "y": 90 },
			{ "model": "block/custom/shell/23", "y": 90 },
			{ "model": "block/custom/shell/24", "y": 90 },
			{ "model": "block/custom/shell/25", "y": 90 },
			{ "model": "block/custom/shell/26", "y": 90 },
			{ "model": "block/custom/shell/27", "y": 90 },
			{ "model": "block/custom/shell/28", "y": 90 },
			{ "model": "block/custom/shell/29", "y": 90 },
			{ "model": "block/custom/shell/30", "y": 90 },
			{ "model": "block/custom/shell/31", "y": 90 },
			{ "model": "block/custom/shell/32", "y": 90 },
			{ "model": "block/custom/shell/33", "y": 90 },
			{ "model": "block/custom/shell/34", "y": 90 },
			{ "model": "block/custom/shell/35", "y": 90 },
			{ "model": "block/custom/shell/36", "y": 90 },
			{ "model": "block/custom/shell/38", "y": 90 },
			{ "model": "block/custom/shell/39", "y": 90 },
			{ "model": "block/custom/shell/40", "y": 90 },
			{ "model": "block/custom/shell/41", "y": 90 },
			{ "model": "block/custom/shell/42", "y": 90 },
			{ "model": "block/custom/shell/43", "y": 90 },
			{ "model": "block/custom/shell/44", "y": 90 },
			{ "model": "block/custom/shell/45", "y": 90 },
			{ "model": "block/custom/shell/1", "y": 180 },
			{ "model": "block/custom/shell/2", "y": 180 },
			{ "model": "block/custom/shell/3", "y": 180 },
			{ "model": "block/custom/shell/4", "y": 180 },
			{ "model": "block/custom/shell/5", "y": 180 },
			{ "model": "block/custom/shell/6", "y": 180 },
			{ "model": "block/custom/shell/7", "y": 180 },
			{ "model": "block/custom/shell/8", "y": 180 },
			{ "model": "block/custom/shell/9", "y": 180 },
			{ "model": "block/custom/shell/10", "y": 180 },
			{ "model": "block/custom/shell/11", "y": 180 },
			{ "model": "block/custom/shell/12", "y": 180 },
			{ "model": "block/custom/shell/13", "y": 180 },
			{ "model": "block/custom/shell/14", "y": 180 },
			{ "model": "block/custom/shell/15", "y": 180 },
			{ "model": "block/custom/shell/16", "y": 180 },
			{ "model": "block/custom/shell/17", "y": 180 },
			{ "model": "block/custom/shell/18", "y": 180 },
			{ "model": "block/custom/shell/19", "y": 180 },
			{ "model": "block/custom/shell/20", "y": 180 },
			{ "model": "block/custom/shell/21", "y": 180 },
			{ "model": "block/custom/shell/22", "y": 180 },
			{ "model": "block/custom/shell/23", "y": 180 },
			{ "model": "block/custom/shell/24", "y": 180 },
			{ "model": "block/custom/shell/25", "y": 180 },
			{ "model": "block/custom/shell/26", "y": 180 },
			{ "model": "block/custom/shell/27", "y": 180 },
			{ "model": "block/custom/shell/28", "y": 180 },
			{ "model": "block/custom/shell/29", "y": 180 },
			{ "model": "block/custom/shell/30", "y": 180 },
			{ "model": "block/custom/shell/31", "y": 180 },
			{ "model": "block/custom/shell/32", "y": 180 },
			{ "model": "block/custom/shell/33", "y": 180 },
			{ "model": "block/custom/shell/34", "y": 180 },
			{ "model": "block/custom/shell/35", "y": 180 },
			{ "model": "block/custom/shell/36", "y": 180 },
			{ "model": "block/custom/shell/38", "y": 180 },
			{ "model": "block/custom/shell/39", "y": 180 },
			{ "model": "block/custom/shell/40", "y": 180 },
			{ "model": "block/custom/shell/41", "y": 180 },
			{ "model": "block/custom/shell/42", "y": 180 },
			{ "model": "block/custom/shell/43", "y": 180 },
			{ "model": "block/custom/shell/44", "y": 180 },
			{ "model": "block/custom/shell/45", "y": 180 },
			{ "model": "block/custom/shell/1", "y": 270 },
			{ "model": "block/custom/shell/2", "y": 270 },
			{ "model": "block/custom/shell/3", "y": 270 },
			{ "model": "block/custom/shell/4", "y": 270 },
			{ "model": "block/custom/shell/5", "y": 270 },
			{ "model": "block/custom/shell/6", "y": 270 },
			{ "model": "block/custom/shell/7", "y": 270 },
			{ "model": "block/custom/shell/8", "y": 270 },
			{ "model": "block/custom/shell/9", "y": 270 },
			{ "model": "block/custom/shell/10", "y": 270 },
			{ "model": "block/custom/shell/11", "y": 270 },
			{ "model": "block/custom/shell/12", "y": 270 },
			{ "model": "block/custom/shell/13", "y": 270 },
			{ "model": "block/custom/shell/14", "y": 270 },
			{ "model": "block/custom/shell/15", "y": 270 },
			{ "model": "block/custom/shell/16", "y": 270 },
			{ "model": "block/custom/shell/17", "y": 270 },
			{ "model": "block/custom/shell/18", "y": 270 },
			{ "model": "block/custom/shell/19", "y": 270 },
			{ "model": "block/custom/shell/20", "y": 270 },
			{ "model": "block/custom/shell/21", "y": 270 },
			{ "model": "block/custom/shell/22", "y": 270 },
			{ "model": "block/custom/shell/23", "y": 270 },
			{ "model": "block/custom/shell/24", "y": 270 },
			{ "model": "block/custom/shell/25", "y": 270 },
			{ "model": "block/custom/shell/26", "y": 270 },
			{ "model": "block/custom/shell/27", "y": 270 },
			{ "model": "block/custom/shell/28", "y": 270 },
			{ "model": "block/custom/shell/29", "y": 270 },
			{ "model": "block/custom/shell/30", "y": 270 },
			{ "model": "block/custom/shell/31", "y": 270 },
			{ "model": "block/custom/shell/32", "y": 270 },
			{ "model": "block/custom/shell/33", "y": 270 },
			{ "model": "block/custom/shell/34", "y": 270 },
			{ "model": "block/custom/shell/35", "y": 270 },
			{ "model": "block/custom/shell/36", "y": 270 },
			{ "model": "block/custom/shell/38", "y": 270 },
			{ "model": "block/custom/shell/39", "y": 270 },
			{ "model": "block/custom/shell/40", "y": 270 },
			{ "model": "block/custom/shell/41", "y": 270 },
			{ "model": "block/custom/shell/42", "y": 270 },
			{ "model": "block/custom/shell/43", "y": 270 },
			{ "model": "block/custom/shell/44", "y": 270 },
			{ "model": "block/custom/shell/45", "y": 270 }
		],
        "face=floor,facing=west,powered=true": { "model": "empty" },
        "face=floor,facing=south,powered=true": [
			{ "model": "block/custom/twig_spruce/1", "y": 0 },
			{ "model": "block/custom/twig_spruce/2", "y": 0 },
			{ "model": "block/custom/twig_spruce/3", "y": 0 },
			{ "model": "block/custom/twig_spruce/4", "y": 0 },
			{ "model": "block/custom/twig_spruce/5", "y": 0 },
			{ "model": "block/custom/twig_spruce/6", "y": 0 },
			{ "model": "block/custom/twig_spruce/7", "y": 0 },
			{ "model": "block/custom/twig_spruce/8", "y": 0 },
			{ "model": "block/custom/twig_spruce/9", "y": 0 },
			{ "model": "block/custom/twig_spruce/10", "y": 0 }
			],
        "face=floor,facing=north,powered=true": [
			{ "model": "block/custom/twig/1", "y": 0 },
			{ "model": "block/custom/twig/2", "y": 0 },
			{ "model": "block/custom/twig/3", "y": 0 },
			{ "model": "block/custom/twig/4", "y": 0 },
			{ "model": "block/custom/twig/5", "y": 0 },
			{ "model": "block/custom/twig/6", "y": 0 },
			{ "model": "block/custom/twig/7", "y": 0 },
			{ "model": "block/custom/twig/8", "y": 0 },
			{ "model": "block/custom/twig/9", "y": 0 },
			{ "model": "block/custom/twig/10", "y": 0 }
			],
        "face=ceiling,facing=east,powered=true":  { "model": "empty" },
        "face=ceiling,facing=west,powered=true":  { "model": "empty" },
        "face=ceiling,facing=south,powered=true": { "model": "empty" },
        "face=ceiling,facing=north,powered=true": { "model": "empty" }
    }
}
