{
    "variants": {
        "moisture=0": { "model": "block/farmland/moisture_0" },
        "moisture=1": { "model": "block/farmland/moisture_1" },
        "moisture=2": { "model": "block/farmland/moisture_2" },
        "moisture=3": { "model": "block/farmland/moisture_3" },
        "moisture=4": { "model": "block/farmland/moisture_4" },
        "moisture=5": { "model": "block/farmland/moisture_5" },
        "moisture=6": { "model": "block/farmland/moisture_6" },
        "moisture=7": { "model": "block/farmland/moisture_7" }
    }
}
