{
    "variants": {
        "persistent=false,distance=7": { "model": "block/spruce_leaves_d7" },
		"persistent=false,distance=6": { "model": "block/spruce_leaves" },
		"persistent=false,distance=5": { "model": "block/spruce_leaves" },
		"persistent=false,distance=4": { "model": "block/spruce_leaves" },
		"persistent=false,distance=3": { "model": "block/spruce_leaves" },
		"persistent=false,distance=2": { "model": "block/spruce_leaves" },
		"persistent=false,distance=1": { "model": "block/spruce_leaves" },
		"persistent=true": { "model": "block/spruce_leaves" }
    }
}